frame,timestamp,time_delta
0,0.058,0.0
1,0.081044,0.023044000000000002
2,0.101144,0.020099999999999993
3,0.123111,0.021967
4,0.142,0.01888899999999999
5,0.163889,0.02188900000000002
6,0.189678,0.025789000000000006
7,0.209633,0.019955
8,0.231578,0.021944999999999992
9,0.259889,0.028310999999999975
10,0.277567,0.017678000000000027
11,0.2983,0.020733
12,0.320056,0.021755999999999998
13,0.3407,0.020643999999999996
14,0.364333,0.023633000000000015
15,0.384678,0.020345000000000002
16,0.405967,0.021289000000000002
17,0.423367,0.01739999999999997
18,0.439244,0.01587700000000003
19,0.457867,0.018623
20,0.474967,0.01709999999999995
21,0.501256,0.026289000000000062
22,0.519833,0.018576999999999955
23,0.540856,0.021023000000000014
24,0.564289,0.023433000000000037
25,0.584667,0.020378000000000007
26,0.607211,0.022543999999999897
27,0.631067,0.0238560000000001
28,0.649644,0.018576999999999955
29,0.674078,0.024433999999999956
30,0.697556,0.023478
31,0.720144,0.022588000000000052
32,0.739889,0.019745000000000013
33,0.756733,0.01684399999999997
34,0.774889,0.01815600000000006
35,0.8012,0.026310999999999973
36,0.8201,0.018900000000000028
37,0.839767,0.01966699999999999
38,0.856444,0.016676999999999942
39,0.876878,0.020434000000000063
40,0.899833,0.022954999999999948
41,0.9211,0.021267000000000036
42,0.945611,0.02451099999999995
43,0.977056,0.031445000000000056
44,0.998522,0.021465999999999985
45,1.014622,0.016099999999999892
46,1.0385,0.023878000000000066
47,1.061856,0.023355999999999932
48,1.084233,0.02237700000000009
49,1.110356,0.026122999999999896
50,1.134711,0.024355000000000127
51,1.154089,0.019377999999999895
52,1.177478,0.023389000000000104
53,1.200778,0.023299999999999876
54,1.221433,0.02065500000000009
55,1.243867,0.022434000000000065
56,1.265378,0.021510999999999836
57,1.285856,0.020478000000000218
58,1.305144,0.019287999999999972
59,1.3254,0.02025599999999983
60,1.343633,0.018233000000000166
61,1.360056,0.016422999999999854
62,1.3775,0.017444000000000015
63,1.393789,0.016288999999999998
64,1.413244,0.019455
65,1.436633,0.023389000000000104
66,1.4536,0.016966999999999954
67,1.4699,0.01629999999999998
68,1.486889,0.01698899999999992
69,1.504378,0.017489000000000088
70,1.527733,0.023355000000000015
71,1.5487,0.020966999999999958
72,1.570411,0.021711000000000036
73,1.589433,0.019022000000000094
74,1.610644,0.02121099999999987
75,1.626856,0.016212000000000115
76,1.643289,0.01643299999999992
77,1.660178,0.016888999999999932
78,1.677222,0.01704400000000006
79,1.697267,0.02004500000000009
80,1.727422,0.030154999999999932
81,1.745389,0.017967000000000066
82,1.766767,0.021377999999999897
83,1.788056,0.021289000000000113
84,1.809167,0.02111099999999988
85,1.826933,0.01776599999999995
86,1.844033,0.017100000000000115
87,1.860911,0.01687799999999995
88,1.881978,0.021066999999999947
89,1.903156,0.02117800000000014
90,1.923711,0.02055499999999988
91,1.942922,0.01921100000000009
92,1.969111,0.026189000000000018
93,1.995144,0.026032999999999973
94,2.015611,0.02046699999999979
95,2.037333,0.02172200000000002
96,2.056733,0.019400000000000084
97,2.078811,0.022078000000000042
98,2.101844,0.02303299999999986
99,2.124411,0.022567000000000004
100,2.145011,0.02059999999999995
101,2.167389,0.02237800000000023
102,2.190744,0.023355000000000015
103,2.209289,0.018545000000000034
104,2.226644,0.017354999999999787
105,2.244611,0.017967000000000066
106,2.267978,0.023366999999999916
107,2.291311,0.023333000000000048
108,2.312256,0.020945000000000213
109,2.328722,0.01646599999999987
110,2.346989,0.018267000000000255
111,2.369633,0.022643999999999664
112,2.388244,0.018610999999999933
113,2.410056,0.021812000000000165
114,2.426922,0.016865999999999826
115,2.445144,0.018222000000000182
116,2.4611,0.01595600000000008
117,2.477411,0.016310999999999964
118,2.493967,0.016556000000000015
119,2.510633,0.016665999999999848
120,2.527856,0.01722299999999999
121,2.546033,0.01817700000000011
122,2.568922,0.02288900000000016
123,2.591767,0.022844999999999782
124,2.612556,0.02078900000000017
125,2.628689,0.016132999999999953
126,2.645567,0.016877999999999727
127,2.661522,0.015955000000000386
128,2.680044,0.018521999999999927
129,2.703589,0.023544999999999927
130,2.729533,0.025943999999999967
131,2.748489,0.018956000000000195
132,2.772744,0.024254999999999693
133,2.795856,0.023112000000000243
134,2.812967,0.017110999999999876
135,2.8352,0.022232999999999947
136,2.861944,0.02674399999999988
137,2.880489,0.018545000000000034
138,2.904278,0.023789000000000282
139,2.9292,0.024921999999999667
140,2.946944,0.017743999999999982
141,2.9699,0.0229560000000002
142,2.995389,0.025488999999999873
143,3.0143,0.018911000000000122
144,3.036844,0.022543999999999897
145,3.061467,0.02462300000000006
146,3.0781,0.01663300000000012
147,3.096489,0.01838899999999999
148,3.114544,0.018054999999999932
149,3.137367,0.022822999999999816
150,3.162589,0.0252220000000003
151,3.180656,0.018066999999999833
152,3.203,0.02234399999999992
153,3.2288,0.025800000000000267
154,3.248433,0.01963299999999979
155,3.266811,0.018378000000000227
156,3.2887,0.021888999999999825
157,3.308667,0.019966999999999846
158,3.326011,0.017344000000000026
159,3.345256,0.01924500000000018
160,3.362622,0.017365999999999993
161,3.379478,0.016856000000000204
162,3.395922,0.016443999999999903
163,3.4119,0.015978000000000048
164,3.440267,0.02836699999999981
165,3.460056,0.019788999999999835
166,3.480822,0.020766000000000062
167,3.497911,0.017089000000000354
168,3.516267,0.018355999999999817
169,3.537178,0.020910999999999902
170,3.554667,0.017488999999999866
171,3.5815,0.02683300000000033
172,3.609133,0.027632999999999797
173,3.630256,0.021123000000000225
174,3.650011,0.019754999999999967
175,3.675122,0.025110999999999883
176,3.695056,0.01993400000000012
177,3.713933,0.01887699999999981
178,3.733,0.019067000000000167
179,3.752267,0.0192669999999997
180,3.778178,0.02591100000000024
181,3.798456,0.020277999999999796
182,3.818267,0.019811000000000245
183,3.839078,0.020811000000000135
184,3.859789,0.020710999999999924
185,3.883544,0.02375499999999997
186,3.903444,0.019899999999999807
187,3.923,0.01955600000000013
188,3.948244,0.025243999999999822
189,3.983856,0.03561199999999998
190,4.003522,0.019666000000000405
191,4.025244,0.021721999999999575
192,4.047589,0.022345000000000503
193,4.073678,0.026088999999999807
194,4.096956,0.023277999999999466
195,4.115144,0.018188000000000315
196,4.138756,0.023611999999999966
197,4.158389,0.01963299999999979
198,4.175078,0.016689000000000398
199,4.195089,0.020011000000000223
200,4.2174,0.022310999999999304
201,4.239944,0.022544000000000786
202,4.261111,0.02116699999999927
203,4.281333,0.020222000000000406
204,4.298378,0.017044999999999533
205,4.321656,0.023278000000000354
206,4.343167,0.02151100000000028
207,4.365056,0.021888999999999825
208,4.389122,0.024066000000000365
209,4.409233,0.02011099999999999
210,4.428578,0.0193449999999995
211,4.449478,0.02090000000000014
212,4.465344,0.015865999999999936
213,4.486733,0.021389000000000102
214,4.509733,0.022999999999999687
215,4.531844,0.022111000000000658
216,4.553556,0.021711999999999954
217,4.573811,0.02025499999999969
218,4.596144,0.022332999999999714
219,4.617889,0.021745000000000125
220,4.640256,0.022367000000000026
221,4.663133,0.022877000000000258
222,4.6848,0.02166699999999988
223,4.7069,0.02210000000000001
224,4.728744,0.021843999999999753
225,4.751056,0.02231200000000033
226,4.772833,0.021777000000000157
227,4.795011,0.022177999999999365
228,4.8183,0.023289000000000115
229,4.840289,0.02198900000000048
230,4.861856,0.021567000000000114
231,4.883522,0.02166599999999974
232,4.901967,0.018444999999999823
233,4.926667,0.024700000000000166
234,4.960333,0.033666000000000196
235,4.994656,0.03432299999999966
236,5.031722,0.037066000000000265
237,5.057233,0.02551099999999984
238,5.087133,0.029899999999999594
239,5.187133,0.10000000000000053
240,5.196522,0.009388999999999648
241,5.264478,0.06795600000000057
242,5.285944,0.02146599999999932
243,5.3017,0.015756000000000547
244,5.317422,0.015721999999999348
245,5.334722,0.017300000000000537
246,5.3509,0.016178000000000026
247,5.3665,0.015600000000000058
248,5.389656,0.023155999999999288
249,5.4069,0.017244000000000703
250,5.424989,0.0180889999999998
251,5.442122,0.017133000000000287
252,5.458378,0.016255999999999382
253,5.474233,0.015855000000000175
254,5.490333,0.01609999999999978
255,5.506889,0.01655600000000046
256,5.524,0.017110999999999876
257,5.5399,0.015900000000000247
258,5.555767,0.015867000000000075
259,5.573167,0.017399999999999416
260,5.589778,0.016611000000000153
261,5.606256,0.016478000000000215
262,5.623244,0.01698799999999956
263,5.638944,0.015700000000000713
264,5.656378,0.017433999999999727
265,5.681056,0.024677999999999756
266,5.705844,0.024788000000000032
267,5.727833,0.02198900000000048
268,5.744044,0.01621099999999931
269,5.763367,0.01932299999999998
270,5.780689,0.01732200000000006
271,5.798811,0.01812199999999997
272,5.817922,0.019111000000000544
273,5.833911,0.015988999999999365
274,5.850044,0.016132999999999953
275,5.865822,0.01577800000000007
276,5.882,0.016178000000000026
277,5.908167,0.02616700000000005
278,5.958378,0.050211000000000006
279,5.998067,0.039689000000000085
280,6.014878,0.016811000000000575
281,6.031878,0.01699999999999946
282,6.050111,0.018233000000000388
283,6.065978,0.015867000000000075
284,6.085156,0.01917799999999925
285,6.103478,0.018322000000000394
286,6.119633,0.016155000000000364
287,6.1357,0.01606699999999961
288,6.151289,0.015589000000000297
289,6.166667,0.015378000000000114
290,6.182722,0.01605499999999971
291,6.1996,0.01687800000000017
292,6.216689,0.017088999999999466
293,6.232644,0.01595499999999994
294,6.248333,0.015689000000000064
295,6.264011,0.015678000000000303
296,6.2797,0.015689000000000064
297,6.297056,0.01735600000000037
298,6.313489,0.016432999999999254
299,6.330889,0.017400000000000304
300,6.347867,0.016977999999999938
301,6.364067,0.016200000000000436
302,6.381567,0.01750000000000007
303,6.402422,0.02085499999999918
304,6.419022,0.016600000000000392
305,6.437122,0.01809999999999956
306,6.453533,0.01641100000000062
307,6.469756,0.0162230000000001
308,6.486622,0.01686599999999938
309,6.502644,0.016022000000000425
310,6.520678,0.018034000000000106
311,6.536778,0.01609999999999978
312,6.553589,0.016810999999999687
313,6.580478,0.026889000000000607
314,6.597056,0.01657799999999998
315,6.612956,0.01589999999999936
316,6.633489,0.020533000000000357
317,6.649833,0.016344000000000136
318,6.6658,0.015966999999999842
319,6.681222,0.015422000000000047
320,6.696944,0.015722000000000236
321,6.712589,0.01564500000000013
322,6.728633,0.016043999999999947
323,6.748678,0.020044999999999646
324,6.764622,0.01594400000000018
325,6.789022,0.024399999999999977
326,6.804956,0.01593399999999967
327,6.820544,0.015588000000000157
328,6.836144,0.015600000000000058
329,6.852033,0.015888999999999598
330,6.868167,0.016134000000000093
331,6.884156,0.015989000000000253
332,6.900522,0.01636599999999966
333,6.915944,0.015422000000000047
334,6.931522,0.015578000000000536
335,6.9472,0.015677999999999415
336,6.962711,0.015511000000000053
337,6.980911,0.018200000000000216
338,6.997678,0.016766999999999754
339,7.013111,0.015433000000000696
340,7.028722,0.01561099999999982
341,7.044267,0.015544999999999476
342,7.059867,0.015600000000000058
343,7.076856,0.016989000000000587
344,7.094178,0.01732200000000006
345,7.109933,0.01575499999999952
346,7.125311,0.015378000000000114
347,7.142156,0.016845
348,7.157822,0.015666000000000402
349,7.173656,0.015833999999999904
350,7.190144,0.016487999999999836
351,7.206,0.015856000000000314
352,7.221767,0.01576699999999942
353,7.237311,0.015544000000000224
354,7.253156,0.015844999999999665
355,7.269033,0.015877000000000585
356,7.285467,0.016433999999999394
357,7.3017,0.016233000000000608
358,7.317422,0.015721999999999348
359,7.332989,0.015567000000000775
360,7.348422,0.015432999999999808
361,7.364033,0.01561099999999982
362,7.379744,0.015710999999999586
363,7.396467,0.01672300000000071
364,7.413889,0.017421999999999827
365,7.429367,0.01547799999999988
366,7.445022,0.015654999999999752
367,7.460656,0.01563400000000037
368,7.476722,0.01606599999999947
369,7.493233,0.016511000000000386
370,7.509167,0.01593399999999967
371,7.5248,0.01563300000000023
372,7.540633,0.015832999999999764
373,7.556756,0.01612300000000033
374,7.572611,0.015855000000000175
375,7.588622,0.016010999999999775
376,7.605544,0.016922000000000104
377,7.6225,0.016955999999999527
378,7.638267,0.01576700000000031
379,7.6544,0.016132999999999953
380,7.669956,0.015556000000000125
381,7.685656,0.015699999999999825
382,7.703189,0.017533000000000243
383,7.719178,0.015989000000000253
384,7.734767,0.015588999999999409
385,7.750478,0.015711000000000475
386,7.766433,0.01595499999999994
387,7.782489,0.016055999999999848
388,7.798511,0.016022000000000425
389,7.814167,0.015655999999999892
390,7.831311,0.017144000000000048
391,7.846911,0.015600000000000058
392,7.862567,0.015655999999999892
393,7.878044,0.015476999999999741
394,7.893678,0.01563400000000037
395,7.910144,0.016465999999999426
396,7.925767,0.01562299999999972
397,7.942122,0.016355000000000786
398,7.957589,0.015466999999999231
399,7.973322,0.015732999999999997
400,7.989122,0.01580000000000048
401,8.004711,0.015589000000000297
402,8.020578,0.015867000000000075
403,8.037056,0.016477999999999327
404,8.053278,0.016222000000000847
405,8.069189,0.01591099999999912
406,8.084767,0.015577999999999648
407,8.100778,0.016011000000000664
408,8.116722,0.015943999999999292
409,8.132778,0.016056000000000736
410,8.148978,0.016199999999999548
411,8.165511,0.016533000000000797
412,8.181189,0.015677999999999415
413,8.196722,0.015532999999999575
414,8.212311,0.015589000000000297
415,8.227989,0.01567800000000119
416,8.243878,0.015888999999999598
417,8.260289,0.01641099999999973
418,8.276778,0.016488999999999976
419,8.292433,0.01565500000000064
420,8.308322,0.015888999999999598
421,8.324011,0.015689000000000064
422,8.340833,0.01682199999999945
423,8.3577,0.01686699999999952
424,8.373967,0.01626700000000092
425,8.3899,0.01593300000000042
426,8.405756,0.015855999999999426
427,8.421711,0.01595499999999994
428,8.437711,0.016000000000000014
429,8.455067,0.017355999999999483
430,8.471944,0.01687700000000092
431,8.487789,0.015844999999998777
432,8.503422,0.015633000000001118
433,8.519156,0.015734000000000137
434,8.534911,0.01575499999999863
435,8.553756,0.018845000000000667
436,8.569522,0.01576599999999928
437,8.585367,0.015845000000000553
438,8.600733,0.015366000000000213
439,8.616567,0.015833999999999904
440,8.632233,0.015665999999999514
441,8.647789,0.015556000000000125
442,8.663711,0.01592199999999977
443,8.680567,0.016856000000000648
444,8.696222,0.01565500000000064
445,8.712011,0.01578899999999983
446,8.727733,0.015722000000000236
447,8.743467,0.015734000000000137
448,8.758967,0.015499999999999403
449,8.7777,0.018732999999999222
450,8.793322,0.015622000000000469
451,8.808922,0.015600000000000946
452,8.824456,0.015533999999998827
453,8.840178,0.015722000000000236
454,8.856711,0.016533000000000797
455,8.873256,0.01654499999999892
456,8.889978,0.01672199999999968
457,8.905833,0.015855000000000175
458,8.921756,0.015923000000000798
459,8.937878,0.016121999999999304
460,8.953411,0.015532999999999575
461,8.9711,0.017689000000000732
462,8.987467,0.016367000000000687
463,9.0033,0.015832999999998876
464,9.018978,0.01567800000000119
465,9.034556,0.015577999999999648
466,9.050411,0.015855000000000175
467,9.067878,0.0174669999999999
468,9.0846,0.01672199999999968
469,9.100222,0.015622000000000469
470,9.116056,0.015833999999999904
471,9.1319,0.015843999999999525
472,9.147733,0.015833000000000652
473,9.165278,0.017545000000000144
474,9.181789,0.0165109999999995
475,9.197578,0.01578899999999983
476,9.213311,0.01573299999999911
477,9.228978,0.01566700000000054
478,9.244544,0.015565999999999747
479,9.260289,0.015745000000000786
480,9.277911,0.01762199999999936
481,9.293589,0.01567800000000119
482,9.309056,0.015466999999999231
483,9.324467,0.015411000000000286
484,9.340222,0.015755000000000408
485,9.356444,0.01622199999999907
486,9.373511,0.01706700000000083
487,9.391489,0.017977999999999383
488,9.406967,0.01547799999999988
489,9.422711,0.015743999999999758
490,9.438556,0.015845000000000553
491,9.455211,0.016655000000000086
492,9.471844,0.016633000000000564
493,9.488589,0.016744999999998456
494,9.504067,0.01547799999999988
495,9.5197,0.015633000000001118
496,9.535189,0.01548900000000053
497,9.5507,0.015511000000000053
498,9.566156,0.015455999999998582
499,9.5851,0.018944000000001182
500,9.601056,0.015955999999999193
501,9.617356,0.016299999999999315
502,9.632878,0.015522000000000702
503,9.648644,0.015766000000001057
504,9.664378,0.01573399999999836
505,9.680711,0.016333000000001263
506,9.696922,0.016211000000000197
507,9.7126,0.015677999999999415
508,9.728167,0.015566999999998998
509,9.7438,0.015633000000001118
510,9.759456,0.015655999999999892
511,9.776089,0.016633000000000564
512,9.793011,0.016921999999999215
513,9.8094,0.01638900000000021
514,9.824922,0.015522000000000702
515,9.840378,0.015455999999998582
516,9.856133,0.015755000000000408
517,9.8723,0.016166999999999376
518,9.890556,0.018256000000000938
519,9.907122,0.016565999999999192
520,9.922656,0.015534000000000603
521,9.938667,0.016011000000000664
522,9.9546,0.015932999999998643
523,9.9703,0.015700000000000713
524,9.991967,0.02166700000000077
525,10.008056,0.016088999999999132
526,10.025078,0.01702200000000076
527,10.046467,0.021388999999999214
528,10.063511,0.01704400000000028
529,10.079878,0.016367000000000687
530,10.1025,0.022621999999998366
531,10.118667,0.016167000000001153
532,10.134656,0.015988999999999365
533,10.152533,0.017877000000000365
534,10.168389,0.015855999999999426
535,10.184911,0.016522000000000148
536,10.201022,0.01611100000000043
537,10.216789,0.01576700000000031
538,10.232611,0.015822000000000003
539,10.249256,0.016645000000000465
540,10.265667,0.01641099999999973
541,10.281667,0.016000000000000014
542,10.297744,0.01607699999999923
543,10.313278,0.015534000000000603
544,10.328922,0.01564399999999999
545,10.344611,0.015689000000000064
546,10.3605,0.015888999999999598
547,10.3762,0.015700000000000713
548,10.391789,0.01558899999999852
549,10.407978,0.016189000000000675
550,10.424044,0.016066000000000358
551,10.439911,0.015867000000000075
552,10.456622,0.016710999999999032
553,10.472389,0.01576700000000031
554,10.489256,0.01686699999999952
555,10.505778,0.016522000000000148
556,10.522756,0.016977999999999938
557,10.538633,0.015877000000001473
558,10.554211,0.015577999999999648
559,10.569889,0.015677999999999415
560,10.5862,0.016310999999999964
561,10.601822,0.015622000000000469
562,10.617289,0.015466999999999231
563,10.632733,0.015444000000000457
564,10.648422,0.015689000000000064
565,10.664256,0.015833999999999904
566,10.680011,0.015755000000000408
567,10.6957,0.015689000000000064
568,10.711667,0.015966999999999842
569,10.7272,0.015532999999999575
570,10.742756,0.015556000000000125
571,10.758322,0.015565999999999747
572,10.774011,0.015689000000000064
573,10.789833,0.015822000000000003
574,10.805956,0.01612300000000033
575,10.821689,0.01573299999999911
576,10.837178,0.01548900000000053
577,10.853056,0.015878000000000725
578,10.869256,0.016199999999999548
579,10.884733,0.01547700000000063
580,10.9003,0.015566999999998998
581,10.915989,0.015689000000000064
582,10.931967,0.015978000000000492
583,10.948144,0.016176999999998998
584,10.9655,0.01735600000000126
585,10.982056,0.01655599999999957
586,10.997922,0.015866000000000824
587,11.0141,0.01617799999999825
588,11.029956,0.015856000000001202
589,11.0462,0.01624400000000037
590,11.063033,0.016833000000000098
591,11.079,0.015966999999999842
592,11.095156,0.016155999999998727
593,11.111189,0.016033000000000186
594,11.127256,0.01606699999999961
595,11.144711,0.017455
596,11.161067,0.016356000000000037
597,11.178211,0.017144000000000048
598,11.193878,0.01566700000000054
599,11.209756,0.015878000000000725
600,11.225456,0.015699999999998937
601,11.259044,0.03358799999999995
602,11.275111,0.016067000000001386
603,11.291178,0.01606699999999961
604,11.306844,0.015665999999999514
605,11.3231,0.01625600000000027
606,11.355911,0.03281100000000059
607,11.382944,0.02703299999999942
608,11.398744,0.01580000000000048
609,11.414944,0.016199999999999548
610,11.431278,0.016334000000000515
611,11.471056,0.03977800000000009
612,11.500544,0.02948799999999885
613,11.5257,0.025156000000000844
614,11.541622,0.01592199999999977
615,11.577511,0.03588899999999917
616,11.616844,0.03933300000000095
617,11.644911,0.028067000000000064
618,11.673567,0.028655999999999793
619,11.704378,0.030810999999999922
620,11.7329,0.028522000000000602
621,11.7605,0.027599999999999625
622,11.791344,0.030844000000000094
623,11.820578,0.029233999999998872
624,11.847044,0.02646600000000099
625,11.875933,0.0288889999999995
626,11.905922,0.029989000000000487
627,11.934644,0.028722000000000136
628,11.961789,0.027144999999999087
629,11.991267,0.029478000000001003
630,12.016933,0.0256659999999993
631,12.044244,0.027311000000000973
632,12.074067,0.0298229999999986
633,12.101656,0.027589000000000752
634,12.128367,0.026711000000000595
635,12.160289,0.031921999999999784
636,12.188767,0.02847799999999978
637,12.216078,0.027310999999999197
638,12.257056,0.04097800000000085
639,12.298478,0.04142199999999896
640,12.340622,0.0421440000000004
641,12.381733,0.041111000000000786
642,12.420944,0.039210999999999885
643,12.4621,0.04115599999999908
644,12.490611,0.028510999999999953
645,12.517856,0.02724500000000063
646,12.544822,0.026965999999999823
647,12.573033,0.028211000000000652
648,12.601922,0.0288889999999995
649,12.629722,0.02779999999999916
650,12.657311,0.027589000000000752
651,12.684744,0.027433000000000263
652,12.711622,0.026877999999999957
653,12.743222,0.031599999999999184
654,12.771989,0.02876700000000021
655,12.800011,0.02802199999999999
656,12.839489,0.03947800000000079
657,12.880833,0.04134400000000049
658,12.908033,0.02719999999999878
659,12.941144,0.03311099999999989
660,12.969589,0.02844499999999961
661,12.996667,0.027078000000001268
662,13.032467,0.035800000000000054
663,13.075889,0.04342199999999963
664,13.105644,0.029754999999999754
665,13.133133,0.027489000000000985
666,13.170056,0.03692299999999982
667,13.186567,0.0165109999999995
668,13.214311,0.027744000000000213
669,13.241889,0.027578000000000102
670,13.269833,0.027943999999999747
671,13.296956,0.027122999999999564
672,13.325644,0.028688000000000713
673,13.354756,0.029111999999999583
674,13.380956,0.026199999999999335
675,13.409044,0.028088000000000335
676,13.437022,0.027978000000000947
677,13.4665,0.029477999999999227
678,13.493222,0.02672199999999947
679,13.522689,0.029467000000000354
680,13.549711,0.027022000000000546
681,13.578189,0.02847799999999978
682,13.607011,0.028821999999999903
683,13.634567,0.02755600000000058
684,13.6721,0.037532999999999817
685,13.689156,0.017056000000000182
686,13.7164,0.027243999999999602
687,13.747022,0.03062199999999926
688,13.774478,0.027456000000000813
689,13.804111,0.029633000000000465
690,13.831322,0.02721099999999943
691,13.857978,0.026655999999999125
692,13.895922,0.03794400000000131
693,13.937144,0.041221999999999426
694,13.965467,0.02832300000000032
695,13.991444,0.02597699999999925
696,14.022711,0.03126699999999971
697,14.048978,0.026267000000000706
698,14.076767,0.027789000000000286
699,14.108322,0.03155499999999911
700,14.1358,0.027478000000000335
701,14.164067,0.028266999999999598
702,14.206211,0.0421440000000004
703,14.247367,0.04115600000000086
704,14.289111,0.04174399999999956
705,14.317433,0.028321999999999292
706,14.337022,0.019588999999999857
707,14.352989,0.01596700000000162
708,14.369278,0.016288999999998666
709,14.395789,0.02651100000000106
710,14.412778,0.01698899999999881
711,14.429722,0.016944000000000514
712,14.455811,0.026089000000000695
713,14.473044,0.017232999999999166
714,14.490333,0.017288999999999888
715,14.516989,0.0266560000000009
716,14.542733,0.025743999999999545
717,14.558878,0.016144999999999854
718,14.583122,0.024243999999999488
719,14.602122,0.019000000000000128
720,14.630189,0.028067000000000064
721,14.659689,0.029500000000000526
722,14.676122,0.016432999999999254
723,14.696011,0.019889000000000934
724,14.726611,0.03059999999999974
725,14.755122,0.028510999999999953
726,14.772378,0.017255999999999716
727,14.800844,0.02846599999999988
728,14.822033,0.02118899999999968
729,14.851111,0.02907800000000016
730,14.884778,0.033667000000001224
731,14.909989,0.025210999999998762
732,14.940478,0.0304890000000011
733,14.9603,0.019821999999999562
734,14.990144,0.029844000000000648
735,15.022256,0.032111999999999696
736,15.058756,0.0365000000000002
737,15.094256,0.03549999999999898
738,15.114367,0.02011099999999999
739,15.142156,0.027789000000000286
740,15.160456,0.018299999999999983
741,15.189467,0.029011000000000564
742,15.218367,0.028900000000000148
743,15.2397,0.021332999999998492
744,15.2677,0.02800000000000047
745,15.298667,0.03096700000000041
746,15.329744,0.0310769999999998
747,15.360089,0.03034500000000051
748,15.394578,0.03448899999999888
749,15.424967,0.03038900000000133
750,15.453367,0.028399999999999537
751,15.482111,0.02874399999999966
752,15.512856,0.030744999999999578
753,15.533256,0.020400000000000418
754,15.561178,0.027922000000000224
755,15.590889,0.02971100000000071
756,15.643867,0.052977999999999525
757,15.673811,0.029944000000000415
758,15.699522,0.025710999999999373
759,15.728467,0.02894500000000022
760,15.753122,0.024654999999999205
761,15.799633,0.046511000000000635
762,15.829289,0.02965599999999924
763,15.850178,0.02088900000000038
764,15.8681,0.017922000000000438
765,15.886778,0.01867799999999953
766,15.909,0.022222000000001074
767,15.931311,0.022311000000000192
768,15.952844,0.021532999999999802
769,15.9747,0.021855999999999653
770,15.993444,0.018743999999999872
771,16.009311,0.015867000000000075
772,16.027011,0.01770000000000138
773,16.045178,0.018166999999998268
774,16.0617,0.01652199999999837
775,16.091244,0.029544000000001347
776,16.122822,0.03157799999999966
777,16.143933,0.021111000000001212
778,16.176444,0.03251099999999951
779,16.2134,0.03695599999999999
780,16.247578,0.03417800000000071
781,16.271778,0.024200000000000443
782,16.287767,0.01598899999999759
783,16.311922,0.02415500000000037
784,16.330333,0.0184110000000004
785,16.349211,0.01887800000000084
786,16.3689,0.019688999999999623
787,16.385856,0.016956000000000415
788,16.405256,0.019400000000000972
789,16.425711,0.020454999999998336
790,16.4417,0.01598900000000114
791,16.466856,0.025155999999999068
792,16.484156,0.01729999999999876
793,16.507,0.02284400000000275
794,16.533444,0.026443999999997914
795,16.5528,0.019356000000001927
796,16.570756,0.017955999999998085
797,16.5899,0.019144000000000716
798,16.609022,0.019121999999999417
799,16.6321,0.023078000000001708
800,16.649778,0.017678000000000083
801,16.674089,0.024310999999997307
802,16.693044,0.01895500000000183
803,16.717467,0.02442299999999875
804,16.735511,0.018043999999999727
805,16.757811,0.02230000000000132
806,16.774389,0.016577999999999093
807,16.795611,0.02122200000000163
808,16.814633,0.01902199999999965
809,16.833989,0.019355999999998375
810,16.856089,0.022100000000001785
811,16.8746,0.018511000000000166
812,16.897633,0.023032999999998083
813,16.914856,0.01722300000000132
814,16.941556,0.02669999999999817
815,16.971733,0.030177000000001897
816,16.9945,0.022766999999998205
817,17.028411,0.0339109999999998
818,17.048511,0.020100000000002893
819,17.080522,0.032010999999997125
820,17.103311,0.022789000000003057
821,17.121722,0.018410999999996847
822,17.138244,0.016522000000001924
823,17.162144,0.023900000000001143
824,17.179878,0.017733999999997252
825,17.203456,0.023578000000000543
826,17.220144,0.016688000000002035
827,17.251711,0.03156699999999901
828,17.276789,0.0250780000000006
829,17.299533,0.02274399999999943
830,17.335656,0.036122999999999905
831,17.357367,0.021710999999999814
832,17.388778,0.03141099999999852
833,17.410933,0.02215500000000148
834,17.442722,0.031788999999999845
835,17.472089,0.029367000000000587
836,17.499578,0.02748899999999921
837,17.525211,0.02563299999999913
838,17.553667,0.028456000000002035
839,17.572133,0.018466000000000093
840,17.594233,0.022099999999998232
841,17.6248,0.030567000000001343
842,17.649767,0.024967000000000183
843,17.683022,0.03325500000000048
844,17.708467,0.02544499999999772
845,17.731967,0.023500000000002075
846,17.7603,0.02833299999999994
847,17.7932,0.03289999999999793
848,17.814133,0.020933000000002977
849,17.846956,0.03282299999999694
850,17.883344,0.03638800000000231
851,17.906456,0.02311199999999758
852,17.928133,0.02167700000000039
853,17.963256,0.035123000000002236
854,17.979844,0.016587999999998715
855,17.999789,0.01994499999999988
856,18.024256,0.02446700000000135
857,18.041889,0.01763300000000001
858,18.068378,0.026488999999997986
859,18.093922,0.02554400000000001
860,18.111689,0.0177669999999992
861,18.138544,0.026855000000001183
862,18.156711,0.01816700000000182
863,18.178667,0.02195599999999942
864,18.214411,0.035743999999997556
865,18.234767,0.02035600000000315
866,18.251933,0.01716599999999957
867,18.275644,0.023710999999998705
868,18.293756,0.018111999999998574
869,18.317189,0.023433000000000703
870,18.335044,0.017855000000000842
871,18.358144,0.023099999999999454
872,18.375944,0.017800000000001148
873,18.401256,0.025311999999999557
874,18.4404,0.03914400000000029
875,18.457889,0.017489000000001198
876,18.476022,0.018132999999998844
877,18.500444,0.024422000000001276
878,18.517078,0.016633999999999816
879,18.540044,0.022966000000000264
880,18.558211,0.018166999999998268
881,18.581444,0.02323300000000117
882,18.604733,0.02328899999999834
883,18.638233,0.033500000000000085
884,18.656744,0.018511000000000166
885,18.689411,0.032667
886,18.722389,0.03297799999999995
887,18.744044,0.02165499999999909
888,18.765667,0.021623000000001724
889,18.783511,0.017844000000000193
890,18.815511,0.03200000000000003
891,18.8452,0.029688999999997634
892,18.8726,0.02740000000000009
893,18.916167,0.04356700000000302
894,18.952689,0.036521999999997945
895,18.972822,0.02013300000000129
896,19.000089,0.027266999999998376
897,19.042456,0.042367000000002264
898,19.072911,0.0304549999999999
899,19.099589,0.026678000000000424
900,19.117156,0.017566999999999666
901,19.139656,0.0224999999999973
902,19.160633,0.020977000000002022
903,19.184744,0.024110999999997773
904,19.202133,0.01738900000000143
905,19.232078,0.029945000000001443
906,19.264633,0.03255499999999856
907,19.287011,0.022377999999999787
908,19.309489,0.022477999999999554
909,19.333344,0.02385500000000107
910,19.366878,0.03353399999999951
911,19.391978,0.0251000000000019
912,19.411056,0.01907799999999682
913,19.435744,0.024688000000001153
914,19.453389,0.017645000000001687
915,19.472956,0.019566999999998558
916,19.506289,0.03333299999999895
917,19.534222,0.027933000000000874
918,19.558567,0.024345000000000283
919,19.588189,0.029621999999999815
920,19.62,0.031811000000001144
921,19.642756,0.022755999999997556
922,19.671156,0.028400000000001313
923,19.711389,0.04023300000000063
924,19.732344,0.020955000000000723
925,19.762911,0.03056699999999779
926,19.795311,0.03240000000000265
927,19.837111,0.041799999999998505
928,19.869756,0.0326449999999987
929,19.924344,0.05458800000000252
930,19.950522,0.026177999999998036
931,19.979522,0.028999999999999915
932,20.020089,0.040566999999999354
933,20.0626,0.042511000000001076
934,20.088589,0.02598899999999915
935,20.116444,0.027855000000002406
936,20.138989,0.022544999999997373
937,20.160756,0.021767000000000536
938,20.185989,0.02523300000000006
939,20.222133,0.036144000000000176
940,20.241967,0.019833999999999463
941,20.269267,0.027300000000000324
942,20.303656,0.03438900000000089
943,20.326522,0.022866000000000497
944,20.352856,0.026333999999998525
945,20.386956,0.03410000000000224
946,20.409933,0.02297699999999736
947,20.436911,0.026977999999999724
948,20.459078,0.022167000000003156
949,20.478844,0.019765999999997064
950,20.506189,0.027345000000000397
951,20.536644,0.0304549999999999
952,20.572922,0.036277999999999366
953,20.599978,0.027056000000001745
954,20.620767,0.020789000000000613
955,20.648267,0.027499999999999858
956,20.697411,0.0491439999999983
957,20.724633,0.027222000000001856
958,20.755433,0.030799999999999272
959,20.785767,0.03033399999999986
960,20.824511,0.03874400000000122
961,20.861289,0.0367779999999982
962,20.897011,0.03572199999999981
963,20.916756,0.019745000000000346
964,20.9525,0.03574400000000111
965,20.982644,0.03014399999999995
966,21.009022,0.026378000000001123
967,21.051889,0.042866999999997546
968,21.092311,0.040421999999999514
969,21.1378,0.04548899999999989
970,21.1692,0.03140000000000143
971,21.202067,0.032866999999999535
972,21.2456,0.043533000000000044
973,21.286656,0.04105600000000109
974,21.320233,0.03357700000000108
975,21.358067,0.03783399999999659
976,21.406911,0.04884400000000255
977,21.446878,0.03996700000000075
978,21.481056,0.034177999999997155
979,21.518811,0.03775500000000065
980,21.549289,0.030478000000002226
981,21.590867,0.04157799999999767
982,21.6271,0.036232999999999294
983,21.657822,0.030722000000000804
984,21.691544,0.03372200000000092
985,21.7328,0.041256000000000626
986,21.769789,0.036988999999998384
987,21.806633,0.0368440000000021
988,21.849544,0.042911000000000143
989,21.891278,0.04173399999999816
990,21.908044,0.016766000000000503
991,21.942711,0.03466699999999889
992,21.973156,0.030445000000000277
993,22.010644,0.037487999999999744
994,22.058067,0.04742300000000199
995,22.104644,0.0465769999999992
996,22.136356,0.03171199999999885
997,22.177256,0.0409000000000006
998,22.219144,0.04188800000000015
999,22.261211,0.04206699999999941
1000,22.310178,0.04896700000000109
1001,22.348533,0.03835499999999925
1002,22.384289,0.03575599999999923
1003,22.429322,0.0450330000000001
1004,22.449544,0.020222000000000406
1005,22.498289,0.04874500000000026
1006,22.525378,0.02708900000000014
1007,22.559322,0.03394400000000175
1008,22.594078,0.03475599999999801
1009,22.642456,0.04837799999999959
1010,22.664444,0.02198800000000034
1011,22.696133,0.03168900000000008
1012,22.721767,0.025634000000000157
1013,22.757867,0.03610000000000113
1014,22.786067,0.028199999999998226
1015,22.8159,0.029833
1016,22.843578,0.027678000000001646
1017,22.873933,0.030355000000000132
1018,22.902256,0.02832300000000032
1019,22.9275,0.025243999999997158
1020,22.956044,0.028544000000000125
1021,22.997611,0.041567000000000576
1022,23.015167,0.01755600000000257
1023,23.043633,0.028465999999998104
1024,23.077422,0.03378899999999874
1025,23.096467,0.019045000000001977
1026,23.128044,0.031576999999998634
1027,23.151156,0.02311200000000113
1028,23.178722,0.0275660000000002
1029,23.204667,0.025945000000000107
1030,23.233311,0.028643999999999892
1031,23.262289,0.028977999999998616
1032,23.290589,0.028300000000001546
1033,23.317722,0.027132999999999186
1034,23.346556,0.028833999999999804
1035,23.375867,0.029310999999999865
1036,23.402989,0.02712200000000209
1037,23.429656,0.026666999999999774
1038,23.458356,0.02869999999999706
1039,23.486067,0.02771100000000004
1040,23.513089,0.027022000000002322
1041,23.541567,0.02847799999999978
1042,23.5688,0.027232999999998952
1043,23.606256,0.037455999999998824
1044,23.632856,0.026600000000001955
1045,23.660678,0.027822000000000457
1046,23.687922,0.027243999999999602
1047,23.716122,0.028199999999998226
1048,23.740544,0.024422000000001276
1049,23.765611,0.02506699999999995
1050,23.796089,0.030477999999998673
1051,23.824789,0.028700000000000614
1052,23.855456,0.03066700000000111
1053,23.883467,0.028010999999999342
1054,23.906144,0.022677000000001613
1055,23.932856,0.026711999999999847
1056,23.960133,0.027276999999997997
1057,23.997811,0.037677999999999656
1058,24.014733,0.016922000000000992
1059,24.043078,0.02834500000000162
1060,24.072967,0.029888999999997168
1061,24.097056,0.024089000000000027
1062,24.125133,0.028077000000003238
1063,24.156089,0.03095599999999976
1064,24.1783,0.02221099999999865
1065,24.206722,0.02842199999999906
1066,24.235778,0.029056000000000637
1067,24.268778,0.03300000000000125
1068,24.305444,0.03666600000000031
1069,24.335267,0.029823000000000377
1070,24.363522,0.02825499999999792
1071,24.392356,0.028833999999999804
1072,24.4199,0.027543999999998903
1073,24.4487,0.02880000000000038
1074,24.4813,0.03260000000000218
1075,24.4995,0.018200000000000216
1076,24.527711,0.028210999999998876
1077,24.564211,0.0365000000000002
1078,24.6057,0.041488999999998555
1079,24.642378,0.03667800000000199
1080,24.682344,0.039965999999999724
1081,24.699556,0.01721200000000067
1082,24.7282,0.028643999999999892
1083,24.756667,0.028466999999999132
1084,24.793467,0.0367999999999995
1085,24.809078,0.01561099999999982
1086,24.839789,0.030711000000000155
1087,24.869178,0.029389000000001886
1088,24.898133,0.028954999999999842
1089,24.932044,0.0339109999999998
1090,24.948467,0.016422999999999632
1091,24.976122,0.02765499999999932
1092,25.003967,0.02784499999999923
1093,25.030689,0.02672199999999947
1094,25.057644,0.02695500000000095
1095,25.086189,0.028545000000001153
1096,25.119322,0.03313299999999941
1097,25.144211,0.024888999999998163
1098,25.171567,0.027356000000001046
1099,25.198422,0.026855000000001183
1100,25.224433,0.02601100000000045
1101,25.253,0.0285669999999989
1102,25.280289,0.027288999999999675
1103,25.308078,0.02778899999999851
1104,25.338089,0.030011000000001786
1105,25.368622,0.030532999999998367
1106,25.393311,0.02468900000000218
1107,25.421644,0.02833299999999994
1108,25.447367,0.025722999999999274
1109,25.476644,0.02927700000000044
1110,25.505067,0.028423000000000087
1111,25.532144,0.027076999999998463
1112,25.562322,0.030178000000002925
1113,25.588444,0.026121999999997314
1114,25.619,0.030556000000000694
1115,25.644644,0.025643999999999778
1116,25.6735,0.028856000000001103
1117,25.699533,0.026032999999998196
1118,25.7304,0.030867000000000644
1119,25.7581,0.027699999999999392
1120,25.783811,0.02571100000000115
1121,25.811633,0.027822000000000457
1122,25.840156,0.028522999999999854
1123,25.868889,0.02873299999999901
1124,25.900133,0.031244000000000938
1125,25.9249,0.02476700000000065
1126,25.953311,0.02841099999999841
1127,25.978911,0.025600000000000733
1128,26.008067,0.029156000000000404
1129,26.034989,0.026921999999999002
1130,26.063267,0.028278000000000247
1131,26.090767,0.027499999999999858
1132,26.119322,0.028555000000000774
1133,26.144533,0.025210999999998762
1134,26.173356,0.028822999999999155
1135,26.203467,0.030111000000001553
1136,26.228678,0.025210999999998762
1137,26.259344,0.030666000000000082
1138,26.285611,0.026267000000000706
1139,26.312444,0.026832999999999885
1140,26.345911,0.03346700000000169
1141,26.380778,0.03486699999999843
1142,26.408567,0.027789000000002062
1143,26.436367,0.02779999999999916
1144,26.462378,0.02601100000000045
1145,26.490367,0.027988999999998043
1146,26.515767,0.0254000000000012
1147,26.5419,0.026132999999997963
1148,26.568222,0.0263220000000004
1149,26.595511,0.027288999999999675
1150,26.6204,0.024889000000001715
1151,26.644656,0.024256000000001166
1152,26.6708,0.026143999999998613
1153,26.695111,0.02431100000000086
1154,26.720311,0.025199999999998113
1155,26.7467,0.026389000000001772
1156,26.778,0.03129999999999811
1157,26.804367,0.026367000000000473
1158,26.834978,0.030611000000000388
1159,26.863211,0.028233000000000175
1160,26.894478,0.03126699999999971
1161,26.924544,0.03006600000000148
1162,26.949889,0.025344999999997953
1163,26.977144,0.02725500000000025
1164,26.993556,0.016412000000002536
1165,27.012344,0.01878799999999714
1166,27.036689,0.024345000000000283
1167,27.063267,0.026578000000000657
1168,27.092311,0.02904399999999896
1169,27.117389,0.0250780000000006
1170,27.146867,0.029478000000001003
1171,27.181122,0.03425499999999815
1172,27.2038,0.02267800000000264
1173,27.230978,0.02717799999999926
1174,27.259122,0.028144000000001057
1175,27.285578,0.02645599999999959
1176,27.314278,0.028700000000000614
1177,27.342956,0.028677999999999315
1178,27.370389,0.027432999999998486
1179,27.399378,0.028988999999999265
1180,27.427089,0.02771100000000004
1181,27.454833,0.02774400000000199
1182,27.480489,0.025655999999997903
1183,27.512633,0.03214400000000239
1184,27.542944,0.030310999999997534
1185,27.572889,0.029945000000001443
1186,27.603811,0.030922000000000338
1187,27.629967,0.02615600000000029
1188,27.658933,0.02896600000000049
1189,27.686267,0.027333999999999747
1190,27.713656,0.02738899999999944
1191,27.741233,0.02757700000000085
1192,27.769756,0.028522999999999854
1193,27.798044,0.02828799999999987
1194,27.824911,0.026866999999999308
1195,27.861322,0.03641100000000108
1196,27.899367,0.03804500000000033
1197,27.933133,0.03376599999999996
1198,27.961056,0.0279229999999977
1199,27.989989,0.028933000000002096
1200,28.024822,0.034832999999999004
1201,28.067622,0.04279999999999973
1202,28.098822,0.03119999999999834
1203,28.137589,0.038766999999999996
1204,28.180067,0.04247800000000268
1205,28.208822,0.028755000000000308
1206,28.237256,0.028433999999997184
1207,28.265511,0.028255000000001473
1208,28.292956,0.027445000000000164
1209,28.331956,0.03900000000000148
1210,28.370544,0.03858799999999718
1211,28.401344,0.030800000000002825
1212,28.427867,0.02652299999999741
1213,28.456478,0.028611000000001496
1214,28.479933,0.02345499999999845
1215,28.502556,0.022622999999999394
1216,28.530044,0.027488000000001733
1217,28.560833,0.030788999999998623
1218,28.591033,0.03020000000000067
1219,28.620011,0.02897800000000217
1220,28.646878,0.026866999999999308
1221,28.676044,0.029166000000000025
1222,28.705767,0.02972300000000061
1223,28.736022,0.030254999999996812
1224,28.765767,0.02974500000000191
1225,28.791911,0.026143999999998613
1226,28.818367,0.02645599999999959
1227,28.846122,0.02775500000000264
1228,28.876711,0.03058899999999909
1229,28.904511,0.02779999999999916
1230,28.931756,0.02724500000000063
1231,28.958678,0.026921999999999002
1232,28.9853,0.0266219999999997
1233,29.013667,0.028367000000002918
1234,29.044578,0.03091099999999969
1235,29.0705,0.02592199999999778
1236,29.097989,0.02748899999999921
1237,29.126311,0.028322000000002845
1238,29.157011,0.030699999999999505
1239,29.180678,0.02366699999999966
1240,29.208922,0.028244000000000824
1241,29.238267,0.02934499999999929
1242,29.264489,0.026222000000000634
1243,29.292967,0.02847799999999978
1244,29.320011,0.027044000000000068
1245,29.347144,0.027132999999999186
1246,29.380056,0.03291199999999961
1247,29.404033,0.023976999999998583
1248,29.435444,0.031411000000002076
1249,29.4596,0.024155999999997846
1250,29.486156,0.02655600000000291
1251,29.513633,0.02747699999999753
1252,29.541956,0.02832300000000032
1253,29.5696,0.027644000000002222
1254,29.595456,0.025855999999997437
1255,29.623378,0.027922000000000224
1256,29.653789,0.030411000000000854
1257,29.681856,0.028067000000000064
1258,29.708433,0.02657699999999963
1259,29.736822,0.028389000000000664
1260,29.7618,0.024978000000000833
1261,29.791078,0.029277999999997917
1262,29.8133,0.02222200000000285
1263,29.831867,0.018566999999997336
1264,29.852911,0.02104399999999984
1265,29.876022,0.023111000000000104
1266,29.895922,0.019899999999999807
1267,29.914622,0.018700000000002603
1268,29.936733,0.02211099999999888
1269,29.959667,0.022933999999999344
1270,29.987467,0.02779999999999916
1271,30.016967,0.029500000000002302
1272,30.045989,0.02902199999999766
1273,30.075867,0.02987800000000007
1274,30.101844,0.025977000000001027
1275,30.128333,0.02648900000000154
1276,30.157589,0.02925600000000017
1277,30.186189,0.028599999999997294
1278,30.215411,0.029222000000000747
1279,30.244367,0.02895600000000087
1280,30.267178,0.022811000000000803
1281,30.295356,0.02817800000000048
1282,30.322733,0.027376999999997764
1283,30.350811,0.028078000000000713
1284,30.377444,0.02663300000000035
1285,30.406867,0.029422999999997757
1286,30.434011,0.027144000000003388
1287,30.462889,0.02887799999999885
1288,30.496411,0.03352199999999783
1289,30.522989,0.026578000000000657
1290,30.553156,0.030167000000002275
1291,30.569311,0.0161549999999977
1292,30.591044,0.021733000000001113
1293,30.620833,0.029789000000000954
1294,30.640144,0.019310999999998302
1295,30.657433,0.017289000000001664
1296,30.688211,0.030777999999997974
1297,30.704344,0.016132999999999953
1298,30.725289,0.0209450000000011
1299,30.756456,0.031166999999999945
1300,30.781222,0.02476599999999962
1301,30.808811,0.027588999999998975
1302,30.835633,0.026822000000002788
1303,30.862456,0.026823000000000263
1304,30.890556,0.02809999999999846
1305,30.919678,0.02912200000000098
1306,30.954611,0.03493299999999877
1307,30.977278,0.02266699999999844
1308,31.0014,0.024122000000001975
1309,31.030344,0.028943999999999193
1310,31.060433,0.030089000000000254
1311,31.088289,0.02785599999999988
1312,31.114156,0.02586700000000164
1313,31.143122,0.02896600000000049
1314,31.171389,0.028266999999999598
1315,31.199556,0.02816699999999983
1316,31.2295,0.029944000000000415
1317,31.257889,0.02838899999999711
1318,31.281911,0.024022000000002208
1319,31.313556,0.03164499999999748
1320,31.352911,0.03935500000000047
1321,31.378989,0.026078000000001822
1322,31.409067,0.030077999999999605
1323,31.439489,0.03042199999999795
1324,31.466256,0.026767000000003094
1325,31.514556,0.04829999999999757
1326,31.542656,0.028100000000002012
1327,31.571256,0.028600000000000847
1328,31.596211,0.024954999999998506
1329,31.6276,0.03138900000000078
1330,31.653278,0.0256779999999992
1331,31.680667,0.02738899999999944
1332,31.708522,0.027854999999998853
1333,31.736722,0.02820000000000178
1334,31.766511,0.029789000000000954
1335,31.796733,0.030221999999998417
1336,31.8287,0.03196700000000163
1337,31.857267,0.0285669999999989
1338,31.885444,0.028176999999999452
1339,31.911656,0.026212000000001012
1340,31.940833,0.029177000000000675
1341,31.969567,0.028734000000000037
1342,32.001256,0.031688999999996526
1343,32.032744,0.03148800000000307
1344,32.0592,0.026455999999996038
1345,32.085133,0.025933000000001982
1346,32.112044,0.026910999999998353
1347,32.138822,0.02677800000000019
1348,32.162344,0.02352199999999982
1349,32.182833,0.020489000000004864
1350,32.206744,0.02391099999999824
1351,32.232511,0.025767000000001872
1352,32.263911,0.031399999999997874
1353,32.293378,0.0294669999999968
1354,32.324256,0.030878000000001293
1355,32.351033,0.026777000000002715
1356,32.380967,0.02993399999999724
1357,32.408356,0.02738899999999944
1358,32.436878,0.02852200000000238
1359,32.466133,0.029254999999999143
1360,32.495211,0.029077999999998383
1361,32.524367,0.029156000000000404
1362,32.547722,0.023355000000002235
1363,32.575644,0.02792199999999667
1364,32.606111,0.030467000000001576
1365,32.633722,0.027611000000000274
1366,32.661256,0.027534000000002834
1367,32.689033,0.027777000000000385
1368,32.717067,0.028033999999998116
1369,32.7436,0.026533000000000584
1370,32.771511,0.027910999999996022
1371,32.801133,0.029622000000003368
1372,32.829867,0.028734000000000037
1373,32.855156,0.025289000000000783
1374,32.8808,0.025643999999999778
1375,32.910778,0.029977999999999838
1376,32.940211,0.029432999999997378
1377,32.976344,0.03613299999999953
1378,33.005811,0.029467000000003907
1379,33.036644,0.03083300000000122
1380,33.063167,0.02652299999999741
1381,33.093267,0.03009999999999735
1382,33.118511,0.02524400000000071
1383,33.148544,0.030033000000003085
1384,33.176678,0.028134000000001436
1385,33.205033,0.028354999999997688
1386,33.244656,0.039622999999998854
1387,33.270056,0.025399999999997647
1388,33.2953,0.02524400000000071
1389,33.321456,0.02615600000000029
1390,33.351433,0.029977000000002363
1391,33.379944,0.02851100000000173
1392,33.411767,0.031822999999995716
1393,33.441178,0.029411000000003185
1394,33.470056,0.02887799999999885
1395,33.500167,0.030110999999998
1396,33.525089,0.024922000000003663
1397,33.552333,0.02724399999999605
1398,33.576778,0.02444500000000005
1399,33.600567,0.023789000000000726
1400,33.623556,0.02298900000000259
1401,33.6527,0.02914400000000228
1402,33.6839,0.03119999999999834
1403,33.712089,0.028188999999997577
1404,33.740944,0.028855000000000075
1405,33.769678,0.028734000000000037
1406,33.797567,0.02788900000000183
1407,33.813833,0.016266000000001668
1408,33.838122,0.024288999999996008
1409,33.869433,0.03131100000000231
1410,33.893933,0.02449999999999619
1411,33.924556,0.030623000000005618
1412,33.956267,0.03171099999999427
1413,33.975678,0.019411000000005174
1414,33.992578,0.016899999999999693
1415,34.008933,0.016354999999997233
1416,34.025033,0.016100000000001558
1417,34.051044,0.026010999999996898
1418,34.069022,0.017977999999999383
1419,34.090689,0.02166700000000077
1420,34.107511,0.016822000000004778
1421,34.125267,0.01775599999999855
1422,34.144789,0.019522000000002038
1423,34.166278,0.02148899999999543
1424,34.186011,0.01973300000000222
1425,34.213022,0.027011000000001673
1426,34.241722,0.028700000000000614
1427,34.265589,0.02386699999999564
1428,34.290844,0.02525500000000136
1429,34.313033,0.02218899999999735
1430,34.336389,0.02335599999999971
1431,34.3612,0.024810999999999694
1432,34.387956,0.026756000000005997
1433,34.417156,0.029199999999995896
1434,34.451333,0.03417699999999968
1435,34.482756,0.031423000000003753
1436,34.509456,0.02669999999999817
1437,34.537556,0.028100000000002012
1438,34.565511,0.02795499999999862
1439,34.608756,0.04324499999999887
1440,34.635167,0.02641100000000307
1441,34.6656,0.030432999999995047
1442,34.698056,0.03245600000000337
1443,34.7287,0.030644000000002336
1444,34.757811,0.029110999999993226
1445,34.788889,0.031078000000000827
1446,34.818278,0.029389000000001886
1447,34.843256,0.02497799999999728
1448,34.872011,0.02875500000000386
1449,34.900367,0.02835600000000227
1450,34.9282,0.027832999999994
1451,34.958356,0.03015600000000518
1452,34.985244,0.02688799999999958
1453,35.012467,0.02722299999999933
1454,35.041589,0.02912200000000098
1455,35.071822,0.030232999999995513
1456,35.094678,0.02285600000000443
1457,35.123222,0.028543999999996572
1458,35.160833,0.037610999999998285
1459,35.178133,0.017300000000005866
1460,35.209456,0.031323000000000434
1461,35.236311,0.02685499999999763
1462,35.269711,0.03340000000000032
1463,35.292944,0.023232999999997617
1464,35.319033,0.02608899999999892
1465,35.343633,0.02459999999999951
1466,35.371011,0.027378000000005898
1467,35.399767,0.02875599999999423
1468,35.417389,0.017622000000002913
1469,35.442178,0.024788999999998396
1470,35.468633,0.026454999999998563
1471,35.487467,0.018834000000005346
1472,35.512656,0.025188999999997463
1473,35.534033,0.02137700000000109
1474,35.554956,0.02092299999999625
1475,35.5815,0.026544000000001233
1476,35.611744,0.03024400000000327
1477,35.643956,0.03221200000000124
1478,35.677544,0.03358799999999462
1479,35.707244,0.02970000000000539
1480,35.735033,0.02778899999999851
1481,35.761344,0.02631099999999975
1482,35.789167,0.027822999999997933
1483,35.8162,0.02703300000000297
1484,35.842,0.025799999999996714
1485,35.8659,0.023900000000004695
1486,35.890722,0.02482199999999324
1487,35.913556,0.02283400000000313
1488,35.941311,0.027754999999999086
1489,35.970244,0.028933000000002096
1490,36.000589,0.030344999999996958
1491,36.029022,0.02843299999999971
1492,36.059389,0.030367000000005362
1493,36.0802,0.020810999999994806
1494,36.101833,0.021633000000001346
1495,36.1302,0.028367000000002918
1496,36.1612,0.030999999999998806
1497,36.191033,0.029832999999996446
1498,36.220589,0.02955599999999947
1499,36.251822,0.03123300000000029
1500,36.277144,0.02532200000000273
1501,36.304744,0.027599999999999625
1502,36.321111,0.016367000000002463
1503,36.342389,0.021277999999995245
1504,36.363222,0.02083300000000321
1505,36.388344,0.025121999999996092
1506,36.415989,0.027645000000006803
1507,36.444767,0.02877799999999553
1508,36.474056,0.029288999999998566
1509,36.499356,0.025300000000001432
1510,36.527011,0.02765500000000287
1511,36.555611,0.028599999999997294
1512,36.5901,0.03448900000000066
1513,36.627056,0.03695600000000354
1514,36.6547,0.027643999999995117
1515,36.681622,0.026921999999999002
1516,36.703244,0.021622000000000696
1517,36.727467,0.024222999999999217
1518,36.750378,0.02291100000000057
1519,36.776622,0.026244000000005485
1520,36.807978,0.03135599999999528
1521,36.843811,0.03583300000000378
1522,36.870033,0.02622199999999708
1523,36.891011,0.020977999999999497
1524,36.913033,0.022021999999999764
1525,36.941333,0.028300000000001546
1526,36.973078,0.0317450000000008
1527,37.000256,0.02717799999999926
1528,37.028667,0.02841099999999841
1529,37.056611,0.02794399999999797
1530,37.085822,0.02921100000000365
1531,37.111622,0.025799999999996714
1532,37.140633,0.029011000000004117
1533,37.156922,0.016289000000000442
1534,37.180911,0.02398900000000026
1535,37.200289,0.01937799999999612
1536,37.225667,0.025378000000003453
1537,37.252578,0.026910999999998353
1538,37.279344,0.026766000000002066
1539,37.309044,0.029699999999998283
1540,37.326044,0.017000000000003013
1541,37.344544,0.018499999999995964
1542,37.364656,0.020111999999997465
1543,37.391256,0.026600000000001955
1544,37.419689,0.02843299999999971
1545,37.445589,0.025900000000000034
1546,37.476111,0.030522000000004823
1547,37.502267,0.02615600000000029
1548,37.532089,0.029821999999995796
1549,37.559067,0.026977999999999724
1550,37.588456,0.029389000000001886
1551,37.613589,0.02513299999999674
1552,37.642622,0.029033000000005416
1553,37.672178,0.02955599999999947
1554,37.706078,0.0338999999999956
1555,37.729156,0.02307800000000526
1556,37.755156,0.02599999999999625
1557,37.783111,0.02795499999999862
1558,37.809778,0.026667000000003327
1559,37.837989,0.028210999999998876
1560,37.865722,0.027732999999997787
1561,37.894867,0.029144999999999754
1562,37.933578,0.038710999999999274
1563,37.950811,0.017233000000004495
1564,37.978722,0.027910999999996022
1565,38.005144,0.02642200000000372
1566,38.034089,0.02894500000000022
1567,38.061367,0.027277999999995473
1568,38.090411,0.029044000000006065
1569,38.1169,0.026488999999997986
1570,38.146789,0.029888999999997168
1571,38.174311,0.02752200000000471
1572,38.200522,0.02621099999999643
1573,38.228811,0.028289000000000897
1574,38.257167,0.02835600000000227
1575,38.285633,0.02846599999999455
1576,38.311656,0.026023000000002128
1577,38.339611,0.02795499999999862
1578,38.367256,0.027644999999999698
1579,38.394711,0.027455000000003338
1580,38.422656,0.02794500000000255
1581,38.452,0.029343999999994708
1582,38.480344,0.028344000000004144
1583,38.505922,0.025577999999995882
1584,38.536089,0.030166999999998723
1585,38.562489,0.02640000000000242
1586,38.590111,0.027622000000000924
1587,38.617222,0.027110999999997887
1588,38.645033,0.027810999999999808
1589,38.673767,0.028734000000000037
1590,38.700922,0.027155000000000484
1591,38.7291,0.028178000000004033
1592,38.756733,0.027632999999994468
1593,38.784189,0.027456000000000813
1594,38.810444,0.02625499999999903
1595,38.840822,0.03037800000000601
1596,38.868544,0.027721999999997138
1597,38.8956,0.027056000000001745
1598,38.922478,0.026877999999996405
1599,38.951633,0.02915500000000293
1600,38.977678,0.02604499999999632
1601,39.007856,0.030177999999999372
1602,39.036322,0.028466000000001657
1603,39.062933,0.026611000000002605
1604,39.091867,0.02893399999999957
1605,39.121233,0.029365999999996006
1606,39.158189,0.03695600000000354
1607,39.1839,0.02571100000000115
1608,39.204111,0.020210999999996204
1609,39.233444,0.029333000000001164
1610,39.259822,0.026378000000001123
1611,39.287211,0.02738899999999944
1612,39.314378,0.02716699999999861
1613,39.330778,0.01640000000000441
1614,39.349856,0.019078000000000372
1615,39.372456,0.022599999999997067
1616,39.394722,0.022266000000001895
1617,39.4223,0.027577999999998326
1618,39.451833,0.029533000000000698
1619,39.483756,0.031922999999999035
1620,39.509078,0.02532200000000273
1621,39.537911,0.028832999999998776
1622,39.563811,0.025900000000000034
1623,39.591511,0.02769999999999584
1624,39.620422,0.028911000000000797
1625,39.6528,0.03237800000000135
1626,39.6791,0.026299999999999102
1627,39.717756,0.03865600000000313
1628,39.7519,0.03414399999999773
1629,39.784,0.032099999999999795
1630,39.800711,0.01671100000000081
1631,39.824444,0.023733000000000004
1632,39.840811,0.016367000000002463
1633,39.864789,0.02397799999999961
1634,39.8998,0.03501099999999724
1635,39.916633,0.01683299999999832
1636,39.9387,0.022066999999999837
1637,39.9662,0.02750000000000341
1638,39.991511,0.025311000000002082
1639,40.017456,0.025945000000000107
1640,40.047111,0.02965499999999821
1641,40.076411,0.029299999999999216
1642,40.107056,0.03064499999999981
1643,40.134567,0.027510999999996955
1644,40.163733,0.029166000000003578
1645,40.194744,0.031010999999999456
1646,40.221444,0.02669999999999817
1647,40.246722,0.025278000000000134
1648,40.275978,0.029256000000003723
1649,40.302122,0.02614399999999506
1650,40.330544,0.028422000000006165
1651,40.361467,0.03092299999999426
1652,40.389689,0.028221999999999525
1653,40.416222,0.026533000000000584
1654,40.452589,0.03636700000000559
1655,40.477,0.02441099999999352
1656,40.501233,0.02423300000000239
1657,40.5328,0.031567000000002565
1658,40.560411,0.027611000000000274
1659,40.576722,0.016310999999994635
1660,40.599856,0.023134000000005983
1661,40.616733,0.01687700000000092
1662,40.646767,0.030033999999993455
1663,40.662922,0.016155000000004804
1664,40.694633,0.03171100000000138
1665,40.710989,0.016355999999994708
1666,40.745278,0.034289000000001124
1667,40.761567,0.016289000000000442
1668,40.797211,0.03564399999999779
1669,40.8143,0.017089000000005683
1670,40.839789,0.025489000000000317
1671,40.870833,0.0310439999999943
1672,40.887889,0.017056000000003735
1673,40.909156,0.0212670000000017
1674,40.926256,0.017099999999999227
1675,40.947944,0.021687999999997487
1676,40.980178,0.03223400000000254
1677,41.0161,0.03592199999999934
1678,41.050044,0.0339439999999982
1679,41.083011,0.0329669999999993
1680,41.099133,0.016122000000002856
1681,41.127911,0.02877799999999553
1682,41.144889,0.016978000000001714
1683,41.172889,0.027999999999998693
1684,41.206189,0.033300000000004104
1685,41.223967,0.01777799999999985
1686,41.245811,0.02184400000000153
1687,41.269767,0.023955999999998312
1688,41.296789,0.027021999999995217
1689,41.329156,0.0323670000000007
1690,41.355833,0.026676999999999396
1691,41.3848,0.02896700000000152
1692,41.412678,0.02787800000000118
1693,41.447889,0.03521100000000388
1694,41.471589,0.023699999999998056
1695,41.4996,0.028010999999999342
1696,41.526744,0.027143999999999835
1697,41.5583,0.031556000000001916
1698,41.584533,0.02623299999999773
1699,41.609122,0.024588999999998862
1700,41.6378,0.028677999999999315
1701,41.665044,0.027244000000003155
1702,41.6946,0.02955599999999947
1703,41.726644,0.03204399999999907
1704,41.750867,0.024222999999999217
1705,41.782422,0.031554999999997335
1706,41.807822,0.025400000000004752
1707,41.835411,0.027588999999998975
1708,41.862833,0.02742200000000139
1709,41.889789,0.026955999999998426
1710,41.915056,0.025266999999999484
1711,41.9459,0.03084400000000187
1712,41.970578,0.024678000000001532
1713,41.998167,0.027588999999998975
1714,42.026956,0.02878899999999618
1715,42.056044,0.029088000000001557
1716,42.080722,0.024678000000001532
1717,42.109756,0.029033999999995785
1718,42.138067,0.028311000000002196
1719,42.168744,0.03067699999999718
1720,42.192167,0.023423000000001082
1721,42.208944,0.016777000000004705
1722,42.235489,0.02654499999999871
1723,42.252122,0.016632999999998788
1724,42.275033,0.02291100000000057
1725,42.292778,0.0177449999999979
1726,42.317178,0.024399999999999977
1727,42.334156,0.016978000000001714
1728,42.357333,0.023176999999996895
1729,42.377311,0.019978000000001828
1730,42.396133,0.018822000000000116
1731,42.414944,0.018810999999999467
1732,42.432722,0.01777799999999985
1733,42.449833,0.017110999999999876
1734,42.467056,0.01722300000000132
1735,42.500556,0.03350000000000364
1736,42.517078,0.01652199999999482
1737,42.541567,0.024489000000002648
1738,42.569511,0.02794399999999797
1739,42.599533,0.030022000000002436
1740,42.620944,0.021411000000000513
1741,42.652311,0.031366999999995926
1742,42.681989,0.02967800000000409
1743,42.698278,0.016289000000000442
1744,42.717144,0.01886599999999561
1745,42.7353,0.018156000000004724
1746,42.7662,0.030899999999995487
1747,42.795944,0.02974400000000088
1748,42.815333,0.019389000000003875
1749,42.847078,0.0317450000000008
1750,42.873911,0.026832999999996332
1751,42.890878,0.016967000000001065
1752,42.909378,0.018499999999995964
1753,42.925978,0.016600000000003945
1754,42.950644,0.024665999999996302
1755,42.982567,0.03192300000000614
1756,43.014411,0.03184399999999954
1757,43.039089,0.024677999999994427
1758,43.069989,0.030900000000002592
1759,43.093311,0.023322000000000287
1760,43.126333,0.03302200000000255
1761,43.165989,0.0396560000000008
1762,43.196578,0.03058899999999909
1763,43.221511,0.024932999999997207
1764,43.239678,0.018166999999998268
1765,43.2644,0.02472200000000413
1766,43.295844,0.03144400000000047
1767,43.3182,0.022355999999994935
1768,43.3504,0.032200000000003115
1769,43.374156,0.023755999999998778
1770,43.404933,0.0307770000000005
1771,43.427211,0.02227800000000002
1772,43.460122,0.03291099999999858
1773,43.476589,0.016466999999998677
1774,43.497978,0.02138900000000632
1775,43.529989,0.032010999999997125
1776,43.549789,0.019799999999996487
1777,43.572356,0.022567000000002224
1778,43.592022,0.01966600000000085
1779,43.612667,0.0206450000000018
1780,43.628711,0.016044000000000835
1781,43.650589,0.021877999999993847
1782,43.667589,0.017000000000003013
1783,43.685144,0.01755500000000154
1784,43.706278,0.021133999999996433
1785,43.724611,0.018333000000005484
1786,43.7493,0.024688999999995076
1787,43.768044,0.0187440000000052
1788,43.790811,0.022766999999994653
1789,43.808222,0.01741100000000273
1790,43.831956,0.02373399999999748
1791,43.850011,0.01805500000000393
1792,43.873656,0.02364499999999481
1793,43.891156,0.0175000000000054
1794,43.914156,0.022999999999996135
1795,43.947167,0.0330110000000019
1796,43.966911,0.01974400000000287
1797,43.985289,0.01837799999999845
1798,44.003722,0.018433000000001698
1799,44.026256,0.02253399999999317
1800,44.044722,0.018466000000003646
1801,44.068278,0.023555999999999244
1802,44.087778,0.01950000000000074
1803,44.109678,0.02190000000000225
1804,44.129367,0.019688999999999623
1805,44.156022,0.026654999999998097
1806,44.1757,0.019677999999998974
1807,44.1972,0.021500000000003183
1808,44.215456,0.018256000000000938
1809,44.2399,0.02444399999999547
1810,44.269844,0.029944000000000415
1811,44.292167,0.022323000000000093
1812,44.309511,0.01734400000000136
1813,44.336533,0.027022000000002322
1814,44.374944,0.03841099999999642
1815,44.409222,0.034278000000000475
1816,44.432278,0.023055999999996857
1817,44.460056,0.027778000000004965
1818,44.479344,0.019287999999995975
1819,44.502244,0.02289999999999992
1820,44.522111,0.019867000000004964
1821,44.543456,0.021344999999996617
1822,44.561489,0.01803300000000263
1823,44.585878,0.024388999999999328
1824,44.606756,0.020877999999996177
1825,44.627889,0.021133000000006064
1826,44.645256,0.017367000000000132
1827,44.672878,0.027621999999993818
1828,44.691089,0.018211000000000865
1829,44.710156,0.019066999999999723
1830,44.7484,0.038243999999998834
1831,44.792667,0.04426700000000494
1832,44.826922,0.0342550000000017
1833,44.851178,0.02425599999999406
1834,44.882589,0.03141100000000563
1835,44.908544,0.025954999999996176
1836,44.982122,0.0735779999999977
1837,45.060944,0.07882200000000239
1838,45.155544,0.0945999999999998
1839,45.214333,0.05878900000000442
1840,45.296144,0.08181099999999475
1841,45.320244,0.02410000000000423
1842,45.382633,0.06238899999999603
1843,45.450822,0.06818900000000383
1844,45.516389,0.06556699999999438
1845,45.552989,0.036599999999999966
1846,45.581456,0.028467000000006237
1847,45.609967,0.028510999999994624
1848,45.642944,0.03297700000000248
1849,45.664978,0.02203399999999789
1850,45.697244,0.032265999999999906
1851,45.739767,0.04252300000000275
1852,45.7693,0.029533000000000698
1853,45.796967,0.027667000000000996
1854,45.827367,0.030400000000000205
1855,45.857478,0.030110999999998
1856,45.888589,0.031111000000002775
1857,45.906222,0.017632999999996457
1858,45.955711,0.049489000000001226
1859,45.9933,0.037588999999996986
1860,46.026689,0.03338899999999967
1861,46.056233,0.029544000000001347
1862,46.086056,0.029823000000000377
1863,46.111311,0.02525500000000136
1864,46.134078,0.022767000000001758
1865,46.159189,0.025110999999995443
1866,46.188811,0.029622000000003368
1867,46.212967,0.024155999999997846
1868,46.2436,0.030633000000001687
1869,46.272267,0.028666999999998666
1870,46.299311,0.02704400000000362
1871,46.326,0.02668899999999752
1872,46.353633,0.027633000000001573
1873,46.383889,0.030256000000001393
1874,46.408489,0.02459999999999951
1875,46.437478,0.028988999999995713
1876,46.465856,0.028378000000003567
1877,46.492222,0.026365999999995893
1878,46.519989,0.027767000000004316
1879,46.549067,0.029077999999998383
1880,46.5768,0.027732999999997787
1881,46.604856,0.028055999999999415
1882,46.632811,0.02795499999999862
1883,46.659767,0.02695600000000553
1884,46.688044,0.028276999999995667
1885,46.715144,0.027100000000004343
1886,46.7449,0.029755999999999005
1887,46.772956,0.028055999999999415
1888,46.800211,0.0272549999999967
1889,46.828556,0.02834500000000162
1890,46.858744,0.030188000000002546
1891,46.883756,0.025011999999996704
1892,46.911,0.027244000000003155
1893,46.9393,0.028300000000001546
1894,46.966878,0.027577999999998326
1895,46.995389,0.02851100000000173
1896,47.032967,0.03757799999999634
1897,47.060133,0.027166000000001134
1898,47.093444,0.03331099999999765
1899,47.120089,0.026645000000002028
1900,47.1382,0.018110999999997546
1901,47.173156,0.0349560000000011
1902,47.196578,0.023422000000003607
1903,47.220233,0.023654999999997983
1904,47.250844,0.030611000000000388
1905,47.3012,0.050356000000000734
1906,47.4012,0.10000000000000142
1907,47.448433,0.047232999999998526
1908,47.547844,0.09941099999999636
1909,47.5919,0.04405600000000476
1910,47.628989,0.0370889999999946
1911,47.670611,0.04162200000000382
1912,47.689456,0.01884499999999889
1913,47.7099,0.020443999999997686
1914,47.733922,0.024022000000002208
1915,47.754656,0.020733999999997366
1916,47.776444,0.021788000000000807
1917,47.799967,0.0235230000000044
1918,47.825311,0.025343999999996925
1919,47.858022,0.032710999999999046
1920,47.879033,0.021011000000001445
1921,47.912944,0.033911000000003355
1922,47.929578,0.016633999999996263
1923,47.965378,0.03580000000000183
1924,47.987067,0.021689000000002068
1925,48.005467,0.01839999999999975
1926,48.030333,0.024865999999995836
1927,48.052344,0.022010999999999115
1928,48.071333,0.018989000000004808
1929,48.097611,0.026277999999997803
1930,48.133933,0.03632199999999841
1931,48.178678,0.044744999999998925
1932,48.224689,0.046011000000000024
1933,48.267656,0.04296700000000442
1934,48.297689,0.03003299999999598
1935,48.318111,0.020422000000003493
1936,48.333756,0.015644999999999243
1937,48.350067,0.01631100000000174
1938,48.367478,0.017410999999995624
1939,48.388678,0.02120000000000033
1940,48.435444,0.04676599999999809
1941,48.464711,0.029267000000004373
1942,48.521589,0.05687799999999754
1943,48.5376,0.016010999999998887
1944,48.555733,0.018132999999998844
1945,48.572889,0.017156000000007054
1946,48.616478,0.04358899999999721
1947,48.636511,0.02003299999999797
1948,48.660333,0.023822000000002674
1949,48.680544,0.020210999999996204
1950,48.744733,0.06418899999999894
1951,48.765967,0.02123400000000686
1952,48.781622,0.01565499999999531
1953,48.796967,0.015345000000003495
1954,48.812678,0.015710999999996034
1955,48.829044,0.016366000000004988
1956,48.846778,0.017733999999997252
1957,48.862656,0.015878000000000725
1958,48.879822,0.017165999999996018
1959,48.895378,0.015556000000003678
1960,48.911133,0.01575499999999863
1961,48.926989,0.015855999999999426
1962,48.954256,0.02726700000000193
1963,48.970911,0.016655000000000086
1964,48.988556,0.017645000000001687
1965,49.005344,0.01678799999999825
1966,49.023433,0.018088999999996247
1967,49.0402,0.01676700000000153
1968,49.059078,0.01887800000000084
1969,49.0783,0.019221999999999184
1970,49.094289,0.015989000000004694
1971,49.111989,0.01769999999999783
1972,49.135222,0.023232999999997617
1973,49.156189,0.020966999999998848
1974,49.175211,0.01902199999999965
1975,49.194656,0.019445000000004597
1976,49.224933,0.03027699999999811
1977,49.248922,0.02398900000000026
1978,49.266467,0.017544999999998367
1979,49.283589,0.017122000000000526
1980,49.302078,0.01848900000000242
1981,49.324633,0.022554999999996994
1982,49.346233,0.021599999999999397
1983,49.362722,0.016488999999999976
1984,49.380533,0.017811000000001798
1985,49.402411,0.021878000000000952
1986,49.4194,0.016989000000002363
1987,49.435589,0.016188999999997122
1988,49.453633,0.01804400000000328
1989,49.477144,0.02351099999999917
1990,49.494467,0.017322999999997535
1991,49.5173,0.02283299999999855
1992,49.538489,0.02118899999999968
1993,49.560878,0.02238900000000399
1994,49.580256,0.01937799999999612
1995,49.596622,0.016366000000004988
1996,49.614122,0.017499999999998295
1997,49.636011,0.0218890000000016
1998,49.652967,0.01695599999999331
1999,49.674789,0.02182200000000023
2000,49.695167,0.020378000000000895
2001,49.714567,0.019400000000004525
2002,49.736522,0.021954999999998392
2003,49.761422,0.024900000000002365
2004,49.780911,0.01948900000000009
2005,49.802822,0.021910999999995795
2006,49.818667,0.015844999999998777
2007,49.836444,0.017777000000002374
2008,49.852967,0.0165229999999994
2009,49.870489,0.017521999999999593
2010,49.8926,0.022111000000002434
2011,49.914144,0.021543999999998675
2012,49.936511,0.02236700000000269
2013,49.953311,0.016799999999996373
2014,49.971356,0.018045000000000755
2015,49.992578,0.02122200000000163
2016,50.0102,0.017621999999995808
2017,50.029656,0.019456000000005247
2018,50.052778,0.023122000000000753
2019,50.073644,0.020865999999998053
2020,50.096222,0.022577999999995768
2021,50.118456,0.022234000000004528
2022,50.140411,0.021954999999998392
2023,50.165056,0.024644999999999584
2024,50.185378,0.020322000000000173
2025,50.207,0.021622000000000696
2026,50.230011,0.023010999999996784
2027,50.252744,0.022733000000002335
2028,50.275611,0.022866999999997972
2029,50.296533,0.020921999999998775
2030,50.319967,0.02343400000000173
2031,50.341156,0.02118899999999968
2032,50.364233,0.02307700000000068
2033,50.386689,0.022455999999998255
2034,50.407833,0.021143999999999608
2035,50.4301,0.022267000000006476
2036,50.453233,0.023132999999994297
2037,50.475156,0.021923000000001025
2038,50.4969,0.02174399999999821
2039,50.519867,0.022967000000001292
2040,50.539311,0.019444000000000017
2041,50.561044,0.021733000000004665
2042,50.583856,0.022811999999994725
2043,50.605311,0.02145500000000311
2044,50.627867,0.022556000000001575
2045,50.6509,0.023032999999998083
2046,50.672489,0.021588999999998748
2047,50.694878,0.02238900000000399
2048,50.717578,0.022700000000000387
2049,50.739367,0.021788999999998282
2050,50.762144,0.022776999999997827
2051,50.782678,0.020533999999997832
2052,50.804989,0.022311000000001968
2053,50.827256,0.02226699999999937
2054,50.850167,0.02291100000000057
2055,50.871933,0.021765999999999508
2056,50.894256,0.022323000000000093
2057,50.917022,0.022766000000004283
2058,50.938567,0.02154499999999615
2059,50.961356,0.022789000000003057
2060,50.983244,0.02188799999999702
2061,51.005122,0.021878000000000952
2062,51.0209,0.015777999999997405
2063,51.038489,0.017589000000000965
2064,51.061011,0.02252200000000215
2065,51.083956,0.022944999999999993
2066,51.105444,0.021487999999997953
2067,51.127889,0.02244500000000471
2068,51.151144,0.023254999999998915
2069,51.172467,0.021322999999995318
2070,51.195033,0.02256600000000475
2071,51.217922,0.02288899999999927
2072,51.239567,0.02164499999999947
2073,51.262133,0.022565999999997643
2074,51.284733,0.022600000000004172
2075,51.306656,0.02192299999999392
2076,51.329056,0.02240000000000464
2077,51.352044,0.02298799999999801
2078,51.374033,0.021988999999997816
2079,51.396478,0.02244500000000471
2080,51.418478,0.021999999999998465
2081,51.440578,0.022100000000001785
2082,51.4565,0.015921999999996217
2083,51.474733,0.018233000000002164
2084,51.497211,0.022477999999999554
2085,51.518911,0.021700000000002717
2086,51.540933,0.022021999999999764
2087,51.557356,0.01642299999999608
2088,51.5749,0.017544000000000892
2089,51.5909,0.015999999999998238
2090,51.608189,0.017289000000005217
2091,51.6244,0.01621099999999842
2092,51.642044,0.017643999999997106
2093,51.664522,0.022477999999999554
2094,51.686622,0.022100000000001785
2095,51.702889,0.016266999999999143
2096,51.721033,0.018143999999999494
2097,51.743911,0.02287799999999862
2098,51.768689,0.02477800000000485
2099,51.787478,0.01878899999999817
2100,51.808778,0.021299999999996544
2101,51.824822,0.016044000000000835
2102,51.843233,0.0184110000000004
2103,51.861356,0.018123000000002776
2104,51.877278,0.015921999999996217
2105,51.898978,0.021700000000002717
2106,51.921811,0.02283299999999855
2107,51.943756,0.021945000000002324
2108,51.9661,0.02234399999999681
2109,51.988056,0.021956000000002973
2110,52.010144,0.022087999999996555
2111,52.025989,0.015845000000005882
2112,52.044122,0.018132999999998844
2113,52.060044,0.015921999999996217
2114,52.077289,0.01724500000000262
