unix_ts,frame,x,y
18.202288888888887,2076,498,193
18.217088888888888,2077,497,194
18.230233333333338,2078,498,193
18.244922222222222,2079,495,197
18.257944444444448,2080,495,197
18.271744444444444,2081,495,197
18.28666666666667,2082,496,194
18.299833333333332,2083,496,194
18.313722222222225,2084,494,199
18.32756666666667,2085,494,199
18.34075555555556,2086,494,199
18.35577777777778,2087,410,203
18.36848888888889,2088,410,203
18.384233333333334,2089,317,222
18.39688888888889,2090,317,223
18.41148888888889,2091,317,223
18.42503333333333,2092,257,246
18.43815555555556,2093,257,246
18.453411111111116,2094,209,263
18.46624444444445,2095,209,263
18.480711111111113,2096,193,271
18.494466666666668,2097,193,271
18.507466666666666,2098,193,271
18.522333333333336,2099,192,294
18.53575555555556,2100,192,294
18.550944444444447,2101,185,295
18.564011111111114,2102,185,295
18.577088888888888,2103,184,296
18.591922222222223,2104,184,296
18.605222222222224,2105,184,296
18.620244444444445,2106,186,295
18.633166666666668,2107,186,295
18.647355555555556,2108,186,297
18.661211111111115,2109,186,297
18.674322222222223,2110,186,297
18.6903,2111,186,292
18.70225555555556,2112,186,292
18.717422222222226,2113,183,295
18.72987777777778,2114,183,295
18.744222222222227,2115,182,294
18.758922222222225,2116,182,294
18.77137777777778,2117,182,294
18.786611111111114,2118,182,294
18.799711111111115,2119,182,294
18.81386666666667,2120,184,294
18.828055555555558,2121,184,294
18.840822222222222,2122,184,294
18.85538888888889,2123,183,294
18.869277777777782,2124,183,294
18.884122222222224,2125,183,293
18.897,2126,183,293
18.91077777777778,2127,178,293
18.924933333333335,2128,178,293
18.937911111111113,2129,178,293
18.95355555555556,2130,182,293
18.966455555555555,2131,182,293
18.980444444444444,2132,182,293
18.994122222222224,2133,182,293
19.00747777777778,2134,182,293
19.0223,2135,185,296
19.035333333333334,2136,185,296
19.050511111111113,2137,185,296
19.063077777777778,2138,185,296
19.076866666666668,2139,185,293
19.091844444444448,2140,185,293
19.104866666666666,2141,185,293
19.119722222222222,2142,183,284
19.13258888888889,2143,183,284
19.14705555555556,2144,183,284
19.161188888888894,2145,183,284
19.173933333333338,2146,183,285
19.188988888888893,2147,183,297
19.202688888888893,2148,183,297
19.21671111111111,2149,185,297
19.23036666666667,2150,185,297
19.24391111111111,2151,184,297
19.257755555555555,2152,184,297
19.271388888888893,2153,184,297
19.287211111111112,2154,183,293
19.299866666666667,2155,183,293
19.31368888888889,2156,183,291
19.327122222222222,2157,183,291
19.34104444444445,2158,183,291
19.355722222222226,2159,194,283
19.36846666666667,2160,194,283
19.3838,2161,195,283
19.3973,2162,195,283
19.41097777777778,2163,193,282
19.424666666666667,2164,194,282
19.437955555555554,2165,194,282
19.453000000000003,2166,195,279
19.46615555555556,2167,195,279
19.48078888888889,2168,192,279
19.494133333333338,2169,192,279
19.507644444444445,2170,192,278
19.522322222222222,2171,196,280
19.535311111111113,2172,196,280
19.550511111111113,2173,195,280
19.56348888888889,2174,195,279
19.577000000000005,2175,201,280
19.591122222222225,2176,201,280
19.60472222222222,2177,201,280
19.62005555555556,2178,195,281
19.63298888888889,2179,195,281
19.647355555555556,2180,200,285
19.660555555555554,2181,200,286
19.67428888888889,2182,199,282
19.68893333333334,2183,199,282
19.70207777777778,2184,199,282
19.717633333333332,2185,199,280
19.730233333333338,2186,199,281
19.744300000000003,2187,194,278
19.758766666666666,2188,194,278
19.771911111111116,2189,194,278
19.786766666666665,2190,194,274
19.800366666666662,2191,194,274
19.814666666666668,2192,193,273
19.82772222222222,2193,193,273
19.841677777777782,2194,193,273
19.855833333333337,2195,193,273
19.86947777777778,2196,193,273
19.883855555555556,2197,193,279
19.897733333333335,2198,193,279
19.911611111111114,2199,344,370
19.925111111111114,2200,344,370
19.938944444444445,2201,344,370
19.95402222222222,2202,347,370
19.966944444444444,2203,347,370
19.98197777777778,2204,346,337
19.995133333333335,2205,346,337
20.008833333333335,2206,259,291
20.023088888888893,2207,259,292
20.036366666666666,2208,260,292
20.05097777777778,2209,183,291
20.06437777777778,2210,183,291
20.07875555555556,2211,176,290
20.0927,2212,176,290
20.1057,2213,177,290
20.1203,2214,176,272
20.13395555555556,2215,177,272
20.148677777777777,2216,182,272
20.162122222222223,2217,182,272
20.175822222222223,2218,182,272
20.1903,2219,182,272
20.2038,2220,182,272
20.218744444444447,2221,186,272
20.23166666666667,2222,186,272
20.245922222222227,2223,182,271
20.259299999999996,2224,182,271
20.287622222222225,2226,185,271
20.301055555555557,2227,185,271
20.315833333333337,2228,189,281
20.328788888888887,2229,189,281
20.34261111111111,2230,189,281
20.357522222222222,2231,189,281
20.370400000000004,2232,189,281
20.38561111111111,2233,184,276
20.398522222222226,2234,184,276
20.41318888888889,2235,183,271
20.42644444444445,2236,183,271
20.43996666666667,2237,183,271
20.454144444444445,2238,183,270
20.46801111111111,2239,183,270
20.482466666666667,2240,182,270
20.49606666666667,2241,182,270
20.509744444444443,2242,184,271
20.523855555555556,2243,184,271
20.537533333333336,2244,184,271
20.553711111111113,2245,186,271
20.56666666666667,2246,186,271
20.58063333333334,2247,187,268
20.593877777777777,2248,187,268
20.60765555555556,2249,187,268
20.62226666666667,2250,188,262
20.6353,2251,187,263
20.65087777777778,2252,193,268
20.66347777777778,2253,193,269
20.677244444444447,2254,193,264
20.69126666666667,2255,193,264
20.705011111111112,2256,193,264
20.7202,2257,192,268
20.73316666666667,2258,192,268
20.74695555555556,2259,195,270
20.760800000000003,2260,195,270
20.77446666666667,2261,195,270
20.789877777777782,2262,195,271
20.803200000000004,2263,195,271
20.817300000000003,2264,187,271
20.831444444444443,2265,187,271
20.84411111111111,2266,187,271
20.85812222222222,2267,187,271
20.871655555555556,2268,187,271
20.88724444444445,2269,185,267
20.900688888888894,2270,185,267
20.914411111111114,2271,188,271
20.927577777777778,2272,188,271
20.941500000000005,2273,188,271
20.956700000000005,2274,184,276
20.969344444444445,2275,183,276
20.98506666666667,2276,183,276
20.997444444444447,2277,183,276
21.012388888888893,2278,181,276
21.02605555555556,2279,181,276
21.038822222222223,2280,181,276
21.05314444444445,2281,178,281
21.067144444444445,2282,178,282
21.08208888888889,2283,175,282
21.098100000000002,2284,175,282
21.108511111111113,2285,172,276
21.12267777777778,2286,172,276
21.136233333333337,2287,172,276
21.15202222222222,2288,172,276
21.164588888888893,2289,172,276
21.17867777777778,2290,183,278
21.19267777777778,2291,183,278
21.205911111111114,2292,183,278
21.2232,2293,184,280
21.234988888888893,2294,184,280
21.249122222222226,2295,184,280
21.26186666666667,2296,184,280
21.275400000000005,2297,183,277
21.2909,2298,183,277
21.303333333333335,2299,183,277
21.318644444444445,2300,181,277
21.331311111111113,2301,181,277
21.345866666666666,2302,183,294
21.35955555555556,2303,183,294
21.37296666666667,2304,183,294
21.387533333333337,2305,302,301
21.401255555555558,2306,301,301
21.415777777777777,2307,323,381
21.428933333333333,2308,323,381
21.442633333333333,2309,329,381
21.456900000000005,2310,329,381
21.470344444444443,2311,330,381
21.485422222222226,2312,342,361
21.499166666666667,2313,342,361
21.51338888888889,2314,330,361
21.52616666666667,2315,330,361
21.54016666666667,2316,293,360
21.555188888888893,2317,293,360
21.56812222222222,2318,293,360
21.583833333333338,2319,221,346
21.596144444444448,2320,221,346
21.609822222222228,2321,199,346
21.624566666666666,2322,199,346
21.637322222222224,2323,199,346
21.652877777777782,2324,199,351
21.66536666666667,2325,199,351
21.680422222222226,2326,201,351
21.69418888888889,2327,201,351
21.707255555555555,2328,201,351
21.721133333333334,2329,209,351
21.734933333333338,2330,209,351
21.75,2331,209,353
21.763244444444446,2332,209,353
21.77715555555556,2333,208,354
21.792211111111115,2334,208,354
21.804588888888894,2335,208,354
21.820500000000003,2336,203,353
21.832833333333333,2337,203,353
21.84708888888889,2338,208,356
21.860222222222227,2339,208,356
21.87403333333333,2340,208,356
21.888688888888893,2341,202,353
21.90191111111111,2342,203,353
21.9169,2343,206,357
21.929722222222225,2344,206,357
21.94403333333333,2345,202,353
21.958488888888887,2346,202,353
21.97141111111111,2347,202,353
21.98717777777778,2348,202,354
21.99988888888889,2349,202,354
22.01367777777778,2350,202,354
22.02762222222222,2351,202,354
22.041133333333335,2352,202,354
22.055366666666664,2353,204,356
22.069455555555557,2354,204,356
22.08441111111111,2355,205,357
22.096933333333332,2356,205,357
22.110711111111108,2357,203,358
22.124699999999997,2358,203,358
22.13847777777778,2359,203,358
22.153666666666666,2360,201,362
22.166744444444447,2361,201,362
22.18101111111111,2362,201,358
22.194155555555554,2363,201,358
22.208055555555553,2364,201,356
22.22273333333333,2365,201,356
22.235933333333335,2366,201,356
22.250433333333334,2367,200,352
22.2639,2368,200,352
22.278,2369,201,353
22.292655555555555,2370,201,353
22.3054,2371,201,353
22.32004444444444,2372,204,370
22.333511111111115,2373,204,370
22.348266666666667,2374,206,370
22.36178888888889,2375,206,370
22.375011111111114,2376,205,370
22.389699999999998,2377,205,370
22.403066666666668,2378,206,370
22.41726666666667,2379,202,370
22.430999999999997,2380,202,370
22.44495555555556,2381,202,368
22.4587,2382,202,368
22.4724,2383,202,368
22.487299999999998,2384,206,368
22.500433333333334,2385,206,368
22.515,2386,206,367
22.528344444444443,2387,206,367
22.542255555555556,2388,207,367
22.556766666666668,2389,207,367
22.570077777777776,2390,207,367
22.5852,2391,228,361
22.598411111111112,2392,228,361
22.611944444444447,2393,273,319
22.625922222222222,2394,273,319
22.639755555555553,2395,273,319
22.653688888888887,2396,335,303
22.667700000000004,2397,335,303
22.682533333333332,2398,366,274
22.702011111111112,2399,366,274
22.71617777777778,2400,367,267
22.729666666666667,2401,367,267
22.743544444444446,2402,367,267
22.757711111111114,2403,371,249
22.771611111111113,2404,371,249
22.785933333333332,2405,371,248
22.799211111111113,2406,372,248
22.813344444444446,2407,372,248
22.827022222222226,2408,367,249
22.84077777777778,2409,367,249
22.854944444444442,2410,364,252
22.869011111111114,2411,364,252
22.88301111111111,2412,364,254
22.896477777777775,2413,364,254
22.9101,2414,364,254
22.924233333333333,2415,371,254
22.938088888888892,2416,371,254
22.95247777777778,2417,373,253
22.966122222222225,2418,373,253
22.98014444444444,2419,373,253
22.993677777777776,2420,407,251
23.007466666666666,2421,407,251
23.022199999999998,2422,480,209
23.035222222222224,2423,480,209
23.049844444444446,2424,535,188
23.063222222222223,2425,535,188
23.07691111111111,2426,535,188
23.091255555555556,2427,540,176
23.10487777777778,2428,540,176
23.119233333333334,2429,540,176
23.132688888888886,2430,539,176
23.147100000000002,2431,539,176
23.16052222222222,2432,521,171
23.174166666666665,2433,521,171
23.188266666666664,2434,511,167
23.202444444444446,2435,511,167
23.216755555555558,2436,511,167
23.2297,2437,511,167
23.243499999999997,2438,511,167
23.25767777777778,2439,511,166
23.27151111111111,2440,511,166
23.286055555555556,2441,515,162
23.29922222222222,2442,515,162
23.31348888888889,2443,521,144
23.326900000000002,2444,521,144
23.340844444444443,2445,520,144
23.355111111111114,2446,521,141
23.36862222222222,2447,521,140
23.383422222222222,2448,520,140
23.396722222222223,2449,520,140
23.410333333333334,2450,520,140
23.42478888888889,2451,508,141
23.438055555555557,2452,508,141
23.452555555555556,2453,508,146
23.4657,2454,508,146
23.480744444444447,2455,509,147
23.49384444444444,2456,509,147
23.50747777777778,2457,509,147
23.52171111111111,2458,510,147
23.53543333333333,2459,510,147
23.550422222222224,2460,510,147
23.563388888888888,2461,510,147
23.577555555555556,2462,510,147
23.590944444444446,2463,516,145
23.60514444444444,2464,516,145
23.619433333333333,2465,516,150
23.632911111111113,2466,516,150
23.64671111111111,2467,517,156
23.660555555555554,2468,517,156
23.67411111111111,2469,517,156
23.68871111111111,2470,517,159
23.701955555555557,2471,517,159
23.717133333333337,2472,527,157
23.729633333333332,2473,527,157
23.743722222222225,2474,527,157
23.758022222222223,2475,527,164
23.771744444444444,2476,527,164
23.78626666666667,2477,518,167
23.79947777777778,2478,518,167
23.81348888888889,2479,508,176
23.827488888888887,2480,508,176
23.840844444444443,2481,508,176
23.85527777777778,2482,506,176
23.868988888888886,2483,506,176
23.884077777777776,2484,506,179
23.897044444444447,2485,506,179
23.910444444444444,2486,506,179
23.924655555555553,2487,509,183
23.938144444444447,2488,509,183
23.953111111111113,2489,509,183
23.96635555555556,2490,509,183
23.98036666666667,2491,509,180
23.99462222222222,2492,509,180
24.007777777777775,2493,509,180
24.022455555555553,2494,503,173
24.0353,2495,503,174
24.05126666666667,2496,503,174
24.063222222222223,2497,503,174
24.077133333333336,2498,503,174
24.0914,2499,504,172
24.104711111111108,2500,504,172
24.11971111111111,2501,503,176
24.132888888888893,2502,503,176
24.14702222222222,2503,502,172
24.16072222222222,2504,502,172
24.174322222222223,2505,502,172
24.18888888888889,2506,503,168
24.20263333333333,2507,502,168
24.217599999999997,2508,503,167
24.23005555555556,2509,503,167
24.243811111111114,2510,503,167
24.257866666666665,2511,508,173
24.271655555555554,2512,508,173
24.28653333333333,2513,508,173
24.299711111111108,2514,508,173
24.31362222222222,2515,509,173
24.327177777777777,2516,509,173
24.340766666666667,2517,509,173
24.355677777777778,2518,512,164
24.368655555555556,2519,511,164
24.383655555555556,2520,513,175
24.39651111111111,2521,512,175
24.410633333333337,2522,512,175
24.424833333333332,2523,515,174
24.438222222222223,2524,515,174
24.452755555555555,2525,511,175
24.466155555555552,2526,511,175
24.480555555555554,2527,498,177
24.494233333333334,2528,498,177
24.507333333333335,2529,498,177
24.521766666666664,2530,432,205
24.53568888888889,2531,432,205
24.550355555555555,2532,342,212
24.563611111111115,2533,342,212
24.577344444444442,2534,282,211
24.59157777777778,2535,282,211
24.604777777777777,2536,282,211
24.619888888888887,2537,245,215
24.632866666666665,2538,245,215
24.647044444444447,2539,229,236
24.660600000000002,2540,229,236
24.674100000000003,2541,229,236
24.68911111111111,2542,198,241
24.702266666666667,2543,198,242
24.717011111111113,2544,187,255
24.729888888888887,2545,187,255
24.74406666666667,2546,176,259
24.758433333333336,2547,176,259
24.771644444444448,2548,176,259
24.786677777777776,2549,180,268
24.79992222222222,2550,180,268
24.814477777777775,2551,175,273
24.827533333333328,2552,175,273
24.84131111111111,2553,175,273
24.855288888888886,2554,180,273
24.869077777777775,2555,180,273
24.88388888888889,2556,185,273
24.896833333333333,2557,185,273
24.910533333333333,2558,186,273
24.92485555555556,2559,186,273
24.938077777777778,2560,187,274
24.953566666666667,2561,185,278
24.966211111111114,2562,185,278
24.98078888888889,2563,178,278
24.994411111111113,2564,178,278
25.02252222222222,2566,178,282
25.035344444444448,2567,178,282
25.050733333333334,2568,168,281
25.063355555555553,2569,168,281
25.076811111111112,2570,173,281
25.09227777777778,2571,173,281
25.10467777777778,2572,173,281
25.11971111111111,2573,168,276
25.133266666666664,2574,169,276
25.14736666666667,2575,173,276
25.160877777777777,2576,174,276
25.174155555555558,2577,174,276
25.18886666666667,2578,176,279
25.202288888888887,2579,176,279
25.2177,2580,180,279
25.23027777777778,2581,180,279
25.243555555555552,2582,180,272
25.25832222222222,2583,180,272
25.271444444444448,2584,180,272
25.286966666666665,2585,179,272
25.300044444444445,2586,179,272
25.314011111111114,2587,178,276
25.327022222222226,2588,178,276
25.34102222222222,2589,182,276
25.355688888888892,2590,182,276
25.36857777777778,2591,182,276
25.38397777777778,2592,183,263
25.3968,2593,183,263
25.410666666666664,2594,210,263
25.425766666666668,2595,210,263
25.437977777777775,2596,210,263
25.453233333333337,2597,234,264
25.466233333333335,2598,234,264
25.480544444444448,2599,278,265
25.494577777777778,2600,278,265
25.507511111111114,2601,310,273
25.521966666666664,2602,310,273
25.535622222222223,2603,310,273
25.551122222222226,2604,328,284
25.563566666666667,2605,328,284
25.577011111111112,2606,330,295
25.592100000000002,2607,330,295
25.604855555555552,2608,330,295
25.620288888888886,2609,338,298
25.633355555555553,2610,338,298
25.647533333333335,2611,343,302
25.660355555555554,2612,342,302
25.6744,2613,338,302
25.689255555555555,2614,338,302
25.7018,2615,337,302
25.717488888888887,2616,342,299
25.7299,2617,342,299
25.74422222222222,2618,338,299
25.758244444444443,2619,338,299
25.771855555555554,2620,338,299
25.787144444444444,2621,338,298
25.8003,2622,338,298
25.81397777777778,2623,327,297
25.82741111111111,2624,327,297
25.84131111111111,2625,323,295
25.855466666666665,2626,323,295
25.869,2627,323,295
25.883833333333335,2628,323,296
25.897133333333336,2629,323,296
25.911211111111115,2630,323,296
25.924866666666667,2631,323,296
25.938522222222225,2632,323,296
25.95361111111111,2633,317,297
25.966644444444448,2634,317,297
25.981144444444446,2635,316,297
25.994166666666665,2636,316,297
26.008311111111112,2637,316,295
26.02278888888889,2638,316,295
26.036144444444446,2639,316,295
26.050800000000002,2640,319,295
26.063988888888886,2641,319,295
26.07796666666667,2642,322,295
26.092322222222222,2643,322,295
26.105355555555555,2644,322,295
26.119933333333336,2645,322,296
26.13402222222222,2646,322,296
26.148644444444443,2647,322,294
26.16164444444445,2648,322,294
26.175222222222224,2649,319,282
26.189588888888892,2650,319,282
26.20298888888889,2651,319,282
26.2177,2652,318,282
26.231388888888887,2653,318,282
26.24516666666667,2654,319,298
26.25882222222222,2655,319,298
26.272644444444445,2656,319,298
26.287755555555556,2657,319,298
26.30072222222222,2658,319,298
26.315844444444444,2659,315,318
26.328177777777775,2660,315,318
26.34227777777778,2661,289,318
26.357055555555554,2662,289,318
26.370044444444446,2663,289,318
26.384933333333336,2664,314,306
26.398455555555557,2665,314,306
26.413022222222224,2666,370,248
26.42642222222222,2667,370,248
26.43996666666667,2668,370,248
26.45386666666667,2669,463,192
26.46778888888889,2670,463,191
26.482533333333336,2671,468,173
26.495755555555554,2672,468,173
26.50931111111111,2673,483,166
26.523555555555554,2674,483,166
26.537044444444447,2675,483,166
26.552777777777777,2676,501,164
26.565266666666666,2677,501,164
26.579722222222223,2678,502,161
26.593566666666668,2679,502,161
26.606988888888893,2680,503,161
26.621411111111108,2681,507,143
26.634533333333337,2682,507,143
26.649655555555555,2683,510,142
26.66247777777778,2684,510,142
26.676155555555553,2685,517,143
26.691677777777777,2686,517,143
26.7042,2687,517,143
26.719133333333332,2688,517,150
26.732644444444446,2689,517,150
26.74646666666667,2690,510,156
26.76052222222222,2691,510,155
26.773699999999998,2692,510,155
26.788333333333334,2693,510,155
26.801922222222224,2694,510,155
26.815966666666668,2695,506,151
26.829744444444444,2696,506,151
26.843833333333336,2697,513,146
26.857599999999998,2698,513,146
26.871322222222226,2699,513,146
26.886733333333332,2700,502,146
26.89962222222222,2701,502,146
26.913688888888892,2702,497,156
26.926966666666665,2703,497,156
26.94092222222222,2704,497,156
26.955511111111115,2705,495,166
26.968755555555553,2706,495,166
26.983488888888893,2707,490,166
26.996655555555556,2708,490,166
27.011000000000003,2709,494,159
27.024866666666668,2710,494,159
27.038200000000003,2711,494,159
27.053044444444446,2712,490,159
27.066566666666667,2713,490,159
27.080666666666666,2714,492,160
27.09455555555556,2715,492,160
27.107755555555556,2716,492,160
27.121966666666665,2717,492,160
27.13561111111111,2718,492,160
27.150177777777778,2719,494,159
27.163844444444443,2720,494,159
27.177633333333333,2721,494,157
27.192822222222226,2722,493,157
27.205511111111115,2723,493,157
27.220577777777777,2724,490,158
27.233111111111114,2725,490,158
27.247833333333332,2726,490,158
27.26107777777778,2727,490,158
27.275044444444447,2728,491,156
27.289811111111113,2729,491,156
27.30267777777778,2730,490,156
27.317444444444455,2731,491,156
27.33067777777778,2732,491,156
27.34477777777778,2733,487,158
27.35867777777778,2734,487,158
27.372411111111113,2735,487,158
27.387077777777776,2736,483,159
27.4009,2737,483,158
27.415377777777778,2738,475,159
27.428333333333335,2739,474,159
27.442011111111114,2740,443,184
27.4563,2741,443,184
27.469611111111114,2742,442,183
27.48508888888889,2743,402,212
27.49823333333333,2744,402,212
27.512500000000003,2745,356,243
27.525688888888887,2746,356,243
27.539522222222224,2747,356,243
27.554066666666664,2748,341,257
27.56717777777778,2749,341,256
27.582477777777775,2750,316,280
27.59502222222222,2751,316,280
27.609066666666664,2752,304,304
27.623855555555558,2753,304,304
27.636655555555556,2754,304,304
27.651822222222222,2755,287,304
27.66471111111111,2756,287,304
27.679222222222222,2757,286,304
27.69291111111111,2758,286,304
27.706222222222223,2759,286,303
27.720555555555556,2760,286,301
27.734588888888887,2761,286,301
27.74957777777778,2762,282,301
27.762277777777776,2763,282,301
27.77607777777778,2764,282,302
27.790377777777778,2765,282,302
27.803666666666665,2766,282,302
27.8193,2767,284,302
27.83213333333333,2768,284,302
27.84641111111111,2769,302,302
27.85957777777778,2770,302,302
27.873555555555555,2771,302,302
27.888399999999997,2772,302,302
27.901466666666664,2773,302,303
27.916966666666667,2774,304,302
27.929166666666667,2775,304,303
27.943066666666667,2776,303,302
27.957366666666665,2777,303,303
27.97087777777778,2778,303,303
27.986222222222224,2779,304,307
27.999433333333336,2780,304,307
28.0137,2781,303,310
28.02697777777778,2782,303,310
28.040322222222223,2783,303,310
28.05495555555556,2784,303,307
28.06863333333333,2785,303,307
28.083488888888887,2786,305,303
28.096488888888892,2787,305,303
28.11028888888889,2788,305,301
28.124066666666664,2789,305,301
28.138044444444446,2790,305,301
28.15318888888889,2791,301,303
28.166022222222225,2792,301,303
28.18071111111111,2793,301,305
28.1943,2794,301,305
28.2076,2795,301,304
28.222188888888887,2796,301,304
28.23542222222222,2797,301,304
28.250100000000003,2798,302,304
28.26327777777778,2799,302,304
28.27717777777778,2800,302,303
28.292022222222222,2801,302,303
28.304988888888886,2802,301,303
28.31966666666667,2803,302,302
28.333422222222225,2804,301,302
28.34802222222222,2805,299,292
28.36098888888889,2806,299,292
28.374644444444442,2807,297,292
28.38907777777778,2808,297,292
28.40224444444444,2809,297,292
28.417333333333332,2810,268,272
28.430855555555553,2811,268,272
28.444277777777778,2812,220,267
28.45817777777777,2813,220,267
28.47217777777778,2814,220,268
28.486822222222223,2815,192,266
28.49995555555556,2816,192,266
28.51482222222222,2817,188,274
28.527522222222224,2818,188,274
28.54158888888889,2819,185,279
28.55627777777778,2820,185,279
28.569366666666667,2821,185,279
28.58457777777778,2822,182,283
28.597455555555555,2823,182,283
28.611844444444444,2824,181,281
28.625588888888892,2825,181,281
28.639111111111113,2826,181,281
28.653333333333336,2827,181,281
28.667255555555556,2828,181,281
28.6819,2829,181,280
28.695077777777776,2830,181,280
28.708688888888886,2831,174,278
28.72288888888889,2832,174,278
28.736544444444448,2833,174,278
28.75212222222222,2834,170,278
28.76491111111111,2835,170,278
28.778399999999998,2836,166,284
28.79291111111111,2837,166,284
28.806022222222225,2838,166,285
28.821133333333336,2839,167,291
28.833800000000004,2840,167,291
28.848711111111115,2841,162,292
28.861688888888892,2842,162,293
28.875688888888888,2843,162,291
28.890955555555557,2844,162,291
28.903333333333336,2845,162,291
28.918344444444443,2846,162,291
28.93178888888889,2847,161,291
28.94638888888889,2848,169,287
28.966144444444446,2849,169,287
28.980022222222225,2850,169,287
28.993966666666665,2851,169,286
29.007355555555556,2852,168,287
29.02162222222222,2853,168,286
29.049622222222226,2855,165,289
29.062944444444447,2856,164,289
29.077011111111112,2857,164,289
29.091244444444442,2858,167,290
29.10472222222222,2859,167,290
29.11917777777778,2860,163,291
29.132711111111114,2861,163,291
29.146922222222223,2862,164,291
29.160533333333333,2863,169,303
29.174033333333334,2864,169,303
29.18851111111111,2865,162,307
29.2021,2866,162,307
29.21628888888889,2867,165,312
29.22992222222222,2868,165,312
29.24362222222222,2869,165,312
29.25767777777778,2870,165,312
29.276877777777777,2871,165,312
29.29947777777778,2873,172,312
29.313677777777777,2874,172,312
29.326977777777778,2875,172,315
29.340755555555553,2876,173,315
29.35505555555556,2877,173,313
29.368477777777777,2878,174,313
29.383333333333333,2879,171,315
29.396411111111114,2880,171,315
29.41038888888889,2881,172,314
29.424644444444446,2882,170,322
29.438000000000002,2883,170,322
29.452377777777777,2884,171,337
29.465722222222226,2885,171,337
29.480455555555558,2886,172,337
29.493900000000004,2887,299,354
29.507466666666666,2888,300,354
29.521522222222224,2889,323,368
29.535266666666658,2890,323,368
29.550066666666666,2891,323,368
29.563233333333336,2892,323,369
29.59146666666667,2894,328,368
29.604866666666666,2895,329,368
29.619322222222223,2896,329,355
29.63241111111111,2897,330,355
29.64687777777778,2898,331,355
29.66036666666667,2899,328,337
29.674055555555555,2900,329,337
29.688566666666667,2901,302,324
29.701722222222223,2902,303,323
29.717033333333333,2903,292,323
29.729488888888888,2904,293,322
29.743744444444445,2905,294,321
29.75783333333333,2906,290,285
29.77135555555556,2907,291,284
29.786244444444442,2908,277,248
29.799599999999998,2909,278,248
29.813411111111108,2910,267,241
29.827344444444442,2911,269,240
29.840844444444443,2912,270,239
29.855066666666666,2913,269,240
29.868700000000004,2914,270,239
29.883366666666667,2915,288,256
29.896500000000003,2916,290,255
29.91023333333333,2917,291,254
29.924377777777778,2918,296,262
29.937866666666665,2919,298,262
29.953000000000003,2920,304,264
29.965877777777777,2921,305,263
29.980288888888886,2922,305,269
29.993855555555555,2923,306,269
30.00747777777778,2924,306,268
30.022399999999998,2925,312,269
30.03518888888889,2926,312,268
30.050355555555555,2927,313,270
30.062977777777782,2928,313,269
30.076833333333333,2929,314,269
30.091833333333334,2930,313,267
30.104822222222225,2931,313,266
30.119199999999992,2932,312,266
30.13263333333333,2933,312,266
30.147066666666667,2934,311,265
30.160633333333337,2935,311,265
30.17408888888889,2936,310,265
30.188422222222222,2937,309,267
30.202066666666667,2938,309,267
30.21736666666667,2939,306,272
30.22978888888889,2940,305,272
30.24382222222222,2941,304,272
30.25792222222222,2942,296,274
30.271366666666665,2943,295,274
30.286277777777777,2944,295,275
30.299455555555554,2945,294,275
30.31388888888889,2946,293,278
30.327177777777777,2947,292,279
30.340922222222225,2948,291,281
30.355655555555558,2949,290,281
30.36862222222222,2950,289,282
30.38404444444444,2951,287,282
30.39688888888889,2952,286,284
30.410655555555557,2953,285,285
30.424955555555556,2954,287,286
30.438144444444447,2955,286,288
30.45265555555556,2956,284,290
30.46628888888889,2957,283,292
30.480822222222223,2958,286,293
30.494044444444448,2959,286,294
30.507855555555558,2960,285,295
30.522,2961,283,296
30.53503333333333,2962,282,297
30.550333333333334,2963,287,301
30.563322222222226,2964,287,302
30.576922222222223,2965,286,303
30.5916,2966,282,300
30.60496666666667,2967,282,300
30.619855555555553,2968,284,302
30.63292222222222,2969,284,302
30.647,2970,285,301
30.66061111111111,2971,284,301
30.67406666666667,2972,285,301
30.6888,2973,294,302
30.702044444444446,2974,294,301
30.71688888888889,2975,294,299
30.729666666666667,2976,295,299
30.74377777777778,2977,295,299
30.7583,2978,293,296
30.77142222222222,2979,293,296
30.786466666666662,2980,293,291
30.799488888888888,2981,293,291
30.814011111111114,2982,293,292
30.82741111111111,2983,294,292
30.841144444444446,2984,294,292
30.855200000000004,2985,296,296
30.868788888888886,2986,296,297
30.884077777777776,2987,302,297
30.89711111111111,2988,302,297
30.9103,2989,303,297
30.924744444444443,2990,302,298
30.93801111111111,2991,303,298
30.95348888888889,2992,304,298
30.966588888888893,2993,305,298
30.980633333333337,2994,305,300
30.99512222222222,2995,305,300
31.007944444444448,2996,306,299
31.022477777777773,2997,306,302
31.035344444444448,2998,307,302
31.05034444444445,2999,306,301
31.06337777777778,3000,306,301
31.077266666666667,3001,305,300
31.093366666666668,3002,305,300
31.104655555555553,3003,306,299
31.119744444444443,3004,305,295
31.13292222222222,3005,305,295
31.14698888888889,3006,305,295
31.160844444444443,3007,306,294
31.189277777777775,3009,307,295
31.20285555555556,3010,307,295
31.218466666666664,3011,307,296
31.230633333333337,3012,308,297
31.243655555555556,3013,328,303
31.258355555555553,3014,328,303
31.271522222222224,3015,328,303
31.286655555555555,3016,346,372
31.299866666666667,3017,346,372
31.31422222222222,3018,346,373
31.32727777777778,3019,346,373
31.3412,3020,346,373
31.355511111111106,3021,317,339
31.368944444444445,3022,317,339
31.384555555555558,3023,316,307
31.397088888888888,3024,316,307
31.41097777777778,3025,315,291
31.424866666666667,3026,315,292
31.438088888888892,3027,314,293
31.452977777777775,3028,318,293
31.4664,3029,318,295
31.480444444444444,3030,318,299
31.494266666666668,3031,317,299
31.50752222222222,3032,317,300
31.522066666666667,3033,318,314
31.53568888888889,3034,318,315
31.55043333333333,3035,309,317
31.564300000000003,3036,309,317
31.57758888888889,3037,302,317
31.591933333333337,3038,302,318
31.60481111111111,3039,302,319
31.620733333333334,3040,309,319
31.633722222222225,3041,309,320
31.647488888888887,3042,299,321
31.660844444444443,3043,299,321
31.674755555555556,3044,298,321
31.689544444444444,3045,308,319
31.702155555555557,3046,308,319
31.717377777777777,3047,307,318
31.729944444444442,3048,306,319
31.743611111111115,3049,308,323
31.75841111111111,3050,308,323
31.771644444444448,3051,307,323
31.78657777777778,3052,319,323
31.80014444444444,3053,318,323
31.81417777777778,3054,319,316
31.82747777777778,3055,319,317
31.840944444444446,3056,312,314
31.85514444444445,3057,312,314
31.868633333333335,3058,312,314
31.883844444444442,3059,313,313
31.89717777777777,3060,312,313
31.91088888888889,3061,313,314
31.92458888888889,3062,312,314
31.93854444444444,3063,312,314
31.95343333333333,3064,306,309
31.966588888888893,3065,306,309
31.980688888888892,3066,305,319
31.993944444444445,3067,304,319
32.007933333333334,3068,304,313
32.022622222222225,3069,304,313
32.03552222222222,3070,303,313
32.0505,3071,303,313
32.063766666666666,3072,302,313
32.077688888888886,3073,299,313
32.09338888888889,3074,298,313
32.10512222222222,3075,297,313
32.11957777777778,3076,297,310
32.1334,3077,296,310
32.14827777777778,3078,295,314
32.16127777777778,3079,293,314
32.174911111111115,3080,291,313
32.18932222222222,3081,289,311
32.20247777777778,3082,287,310
32.218066666666665,3083,289,311
32.231211111111115,3084,288,310
32.24475555555556,3085,291,316
32.25864444444444,3086,291,315
32.27228888888889,3087,291,315
32.28686666666667,3088,294,316
32.30073333333333,3089,294,316
32.31514444444444,3090,297,317
32.3282,3091,298,316
32.34214444444444,3092,307,313
32.35653333333333,3093,308,313
32.36947777777778,3094,311,313
32.38532222222222,3095,309,311
32.39772222222222,3096,310,311
32.41201111111111,3097,311,312
32.42624444444444,3098,312,311
32.439366666666665,3099,313,311
32.45354444444445,3100,315,311
32.46718888888889,3101,315,311
32.48237777777778,3102,315,313
32.49545555555556,3103,316,313
32.508900000000004,3104,315,315
32.52314444444445,3105,315,315
32.53657777777778,3106,315,314
32.551766666666666,3107,314,308
32.56487777777778,3108,314,307
32.57955555555556,3109,315,306
32.59265555555556,3110,316,305
32.606433333333335,3111,318,305
32.62108888888889,3112,318,306
32.634277777777775,3113,321,306
32.649055555555556,3114,320,309
32.662055555555554,3115,324,311
32.67577777777778,3116,340,322
32.69088888888889,3117,343,323
32.703855555555556,3118,346,323
32.71891111111111,3119,363,329
32.73204444444445,3120,365,328
32.746722222222225,3121,367,328
32.760022222222226,3122,368,327
32.77354444444445,3123,368,326
32.78785555555556,3124,387,325
32.80128888888889,3125,386,324
32.816966666666666,3126,393,326
32.82935555555556,3127,392,326
32.843111111111114,3128,392,328
32.85724444444445,3129,391,327
32.870999999999995,3130,391,327
32.8862,3131,388,328
32.899211111111114,3132,388,327
32.913177777777776,3133,384,325
32.92648888888889,3134,385,324
32.9549,3136,381,325
32.968333333333334,3137,381,325
32.9838,3138,380,319
32.99621111111111,3139,381,319
33.010111111111115,3140,373,318
33.024766666666665,3141,373,317
33.03765555555555,3142,371,317
33.05251111111111,3143,372,307
33.06614444444445,3144,371,306
33.080622222222225,3145,373,306
33.094344444444445,3146,372,305
33.107711111111115,3147,371,304
33.12182222222222,3148,371,305
33.13536666666667,3149,370,306
33.1497,3150,361,322
33.163444444444444,3151,359,322
33.1773,3152,360,323
33.19123333333334,3153,359,323
33.20498888888889,3154,359,323
33.220222222222226,3155,361,318
33.23336666666667,3156,361,318
33.24724444444445,3157,355,318
33.260622222222224,3158,355,318
33.274544444444444,3159,354,319
33.289233333333335,3160,355,319
33.302422222222226,3161,355,319
33.31735555555556,3162,356,324
33.33053333333334,3163,357,324
33.3444,3164,357,326
33.35865555555556,3165,358,326
33.3724,3166,359,326
33.38673333333333,3167,361,324
33.400444444444446,3168,362,324
33.414611111111114,3169,367,324
33.42796666666667,3170,367,324
33.44182222222222,3171,373,324
33.456,3172,372,324
33.46955555555556,3173,370,324
33.48464444444445,3174,370,324
33.49796666666667,3175,369,324
33.51188888888889,3176,371,323
33.525222222222226,3177,370,324
33.539255555555556,3178,370,324
33.553866666666664,3179,370,321
33.56706666666667,3180,370,321
33.5829,3181,372,321
33.59471111111111,3182,373,321
33.608644444444444,3183,371,323
33.623844444444444,3184,373,324
33.6365,3185,375,324
33.65114444444445,3186,375,324
33.66466666666667,3187,376,325
33.678755555555554,3188,380,322
33.692822222222226,3189,381,322
33.706155555555554,3190,381,322
33.72028888888889,3191,380,320
33.73424444444444,3192,380,320
33.74885555555556,3193,385,319
33.76217777777778,3194,385,319
33.775711111111114,3195,386,325
33.790422222222226,3196,385,325
33.8035,3197,385,325
33.81878888888889,3198,386,325
33.832055555555556,3199,386,325
33.84643333333334,3200,393,318
33.85944444444444,3201,392,318
33.87317777777778,3202,392,318
33.88758888888889,3203,394,318
33.90111111111111,3204,394,318
33.91612222222222,3205,387,318
33.92887777777778,3206,388,318
33.94305555555555,3207,388,323
33.95773333333334,3208,388,323
33.97058888888889,3209,389,322
33.986266666666666,3210,392,324
33.998644444444444,3211,393,324
34.013688888888886,3212,393,322
34.0269,3213,394,321
34.04024444444445,3214,395,321
34.0546,3215,393,314
34.068844444444444,3216,393,313
34.083244444444446,3217,381,310
34.096155555555555,3218,381,309
34.10986666666667,3219,380,308
34.12387777777778,3220,379,309
34.13773333333334,3221,378,310
34.15323333333333,3222,380,310
34.16612222222222,3223,378,310
34.18042222222222,3224,383,311
34.19358888888889,3225,380,311
34.20746666666667,3226,378,312
34.22227777777778,3227,379,315
34.235366666666664,3228,376,316
34.2501,3229,372,315
34.26303333333333,3230,371,315
34.27698888888889,3231,361,314
34.292588888888886,3232,360,314
34.304766666666666,3233,360,314
34.31942222222222,3234,361,315
34.33305555555555,3235,362,315
34.3471,3236,353,318
34.36087777777778,3237,354,318
34.37442222222222,3238,354,318
34.388822222222224,3239,353,318
34.40206666666667,3240,354,318
34.41717777777778,3241,355,318
34.430622222222226,3242,356,318
34.44411111111111,3243,356,315
34.45811111111111,3244,356,315
34.47184444444444,3245,357,315
34.4869,3246,358,315
34.500055555555555,3247,358,315
34.51448888888889,3248,388,302
34.527344444444445,3249,388,302
34.54162222222222,3250,388,302
34.556111111111115,3251,435,262
34.56908888888889,3252,436,262
34.5842,3253,476,231
34.59702222222222,3254,476,231
34.61123333333333,3255,517,205
34.62541111111111,3256,518,205
34.6389,3257,519,205
34.65313333333334,3258,518,203
34.66682222222222,3259,520,203
34.68165555555556,3260,518,203
34.695100000000004,3261,518,203
34.70852222222222,3262,518,203
34.72295555555556,3263,513,204
34.7361,3264,514,204
34.75121111111111,3265,509,209
34.76482222222222,3266,509,209
34.77847777777778,3267,506,207
34.79226666666667,3268,506,207
34.805933333333336,3269,506,207
34.82118888888889,3270,505,206
34.83361111111111,3271,505,205
34.848555555555556,3272,504,205
34.86163333333334,3273,504,204
34.87558888888889,3274,498,196
34.890566666666665,3275,498,196
34.90324444444445,3276,498,195
34.91807777777778,3277,498,195
34.93121111111111,3278,497,194
34.94557777777778,3279,497,199
34.95947777777778,3280,496,198
34.97293333333334,3281,496,197
34.98728888888889,3282,494,198
35.0018,3283,494,198
35.01551111111111,3284,493,201
35.028722222222214,3285,493,201
35.04257777777778,3286,494,198
35.056666666666665,3287,494,197
35.07017777777778,3288,494,198
35.085455555555555,3289,497,197
35.09874444444444,3290,497,198
35.11297777777778,3291,497,198
35.1261,3292,497,198
35.13982222222222,3293,496,197
35.15453333333333,3294,493,196
35.167722222222224,3295,492,196
35.18282222222222,3296,490,196
35.19562222222222,3297,489,196
35.209633333333336,3298,470,213
35.224222222222224,3299,469,213
35.23724444444444,3300,468,213
35.25217777777778,3301,467,215
35.26567777777778,3302,467,215
35.2799,3303,453,217
35.29366666666667,3304,453,216
35.30715555555555,3305,454,216
35.32118888888889,3306,380,231
35.335100000000004,3307,381,230
35.34997777777778,3308,341,243
35.36864444444444,3309,343,242
35.38357777777778,3310,300,260
35.397333333333336,3311,303,259
35.41104444444444,3312,305,259
35.42465555555555,3313,267,261
35.43794444444445,3314,270,260
35.45265555555556,3315,263,261
35.46596666666667,3316,266,261
35.48025555555556,3317,270,260
35.495022222222225,3318,262,275
35.507577777777776,3319,267,275
35.52148888888889,3320,265,279
35.535222222222224,3321,271,279
35.5508,3322,272,282
35.56331111111111,3323,279,282
35.577111111111115,3324,286,283
35.59111111111111,3325,285,285
35.604733333333336,3326,292,286
35.619344444444444,3327,302,286
35.63281111111111,3328,307,288
35.647,3329,312,289
35.6603,3330,312,290
35.67401111111111,3331,315,291
35.68868888888889,3332,309,296
35.7021,3333,310,297
35.71681111111111,3334,302,296
35.72952222222222,3335,301,296
35.743599999999994,3336,300,297
35.7579,3337,303,295
35.77127777777778,3338,301,295
35.78595555555555,3339,306,298
35.799622222222226,3340,303,298
35.81348888888889,3341,329,311
35.82712222222222,3342,327,311
35.840833333333336,3343,325,310
35.85474444444444,3344,329,313
35.868677777777776,3345,328,313
35.883788888888894,3346,331,316
35.89655555555556,3347,331,316
35.910155555555555,3348,330,316
35.92435555555556,3349,331,319
35.93785555555556,3350,331,319
35.952977777777775,3351,333,321
35.9661,3352,332,321
35.980244444444445,3353,338,322
35.993544444444446,3354,338,321
36.007577777777776,3355,338,321
36.02188888888889,3356,338,320
36.03525555555556,3357,338,320
36.04996666666667,3358,334,320
36.06297777777778,3359,334,319
36.0768,3360,333,319
36.09128888888889,3361,332,315
36.10466666666667,3362,331,315
36.11913333333334,3363,332,315
36.132822222222224,3364,331,315
36.14677777777778,3365,340,309
36.1605,3366,339,309
36.174,3367,338,309
36.188433333333336,3368,343,305
36.202466666666666,3369,342,305
36.21703333333333,3370,347,305
36.22988888888889,3371,347,305
36.24357777777778,3372,347,306
36.25756666666667,3373,351,307
36.271433333333334,3374,351,308
36.286322222222225,3375,349,313
36.29928888888889,3376,349,314
36.31375555555556,3377,353,313
36.32681111111111,3378,353,314
36.34077777777778,3379,352,315
36.35545555555556,3380,359,310
36.36858888888889,3381,359,311
36.38382222222222,3382,359,309
36.39633333333333,3383,358,310
36.410355555555554,3384,357,311
36.424711111111115,3385,369,309
36.43808888888889,3386,368,310
36.452666666666666,3387,368,309
36.46602222222222,3388,367,309
36.4802,3389,378,297
36.494077777777775,3390,377,297
36.507511111111114,3391,375,297
36.5217,3392,381,296
36.535377777777775,3393,379,295
36.55041111111111,3394,381,296
36.56327777777778,3395,380,296
36.57692222222222,3396,378,296
36.59188888888889,3397,378,295
36.6051,3398,377,295
36.61996666666667,3399,374,292
36.63311111111111,3400,373,291
36.64683333333333,3401,372,292
36.6605,3402,371,291
36.67415555555556,3403,370,291
36.68867777777778,3404,369,295
36.702022222222226,3405,367,294
36.71697777777778,3406,369,301
36.729866666666666,3407,368,301
36.7438,3408,367,301
36.75841111111111,3409,368,301
36.77127777777778,3410,367,301
36.786455555555555,3411,367,310
36.79988888888889,3412,366,310
36.81452222222222,3413,370,310
36.827444444444446,3414,370,310
36.84118888888889,3415,369,310
36.855066666666666,3416,367,312
36.868811111111114,3417,367,312
36.88411111111111,3418,368,314
36.89692222222222,3419,368,314
36.910333333333334,3420,368,314
36.924933333333335,3421,367,315
36.937955555555554,3422,367,316
36.95337777777778,3423,366,309
36.966411111111114,3424,366,310
36.9807,3425,366,305
36.99454444444444,3426,366,305
37.007733333333334,3427,366,305
37.02198888888889,3428,368,307
37.03564444444444,3429,368,307
37.050377777777776,3430,371,301
37.06321111111111,3431,371,300
37.07716666666667,3432,372,302
37.09353333333333,3433,372,301
37.105355555555555,3434,372,300
37.119955555555556,3435,367,301
37.13313333333333,3436,368,301
37.14763333333333,3437,367,303
37.16086666666667,3438,368,303
37.1743,3439,368,303
37.18895555555556,3440,365,304
37.202333333333335,3441,365,304
37.217533333333336,3442,366,306
37.230222222222224,3443,366,306
37.24391111111111,3444,364,306
37.25791111111111,3445,364,306
37.27151111111111,3446,364,306
37.28695555555556,3447,364,304
37.300222222222224,3448,364,305
37.31432222222222,3449,363,305
37.3272,3450,363,306
37.34113333333333,3451,363,306
37.35584444444444,3452,357,314
37.36873333333333,3453,357,314
37.384366666666665,3454,357,313
37.39701111111111,3455,357,312
37.41051111111111,3456,357,311
37.4258,3457,357,310
37.43835555555555,3458,357,310
37.45331111111111,3459,357,311
37.46652222222222,3460,356,310
37.48071111111111,3461,357,313
37.49426666666667,3462,357,313
37.507755555555555,3463,356,313
37.52232222222222,3464,358,315
37.5359,3465,358,316
37.5506,3466,359,314
37.563855555555556,3467,358,314
37.57734444444444,3468,358,313
37.59214444444444,3469,358,313
37.605155555555555,3470,357,313
37.62058888888889,3471,355,317
37.633433333333336,3472,355,316
37.64794444444445,3473,348,326
37.66115555555556,3474,348,325
37.679877777777776,3475,347,325
37.694,3476,346,326
37.70261111111111,3477,346,325
37.717555555555556,3478,347,327
37.750166666666665,3480,348,332
37.78712222222222,3483,337,336
37.800000000000004,3484,337,336
37.81346666666667,3485,336,339
37.827222222222225,3486,336,339
37.841300000000004,3487,334,341
37.855311111111114,3488,334,341
37.87414444444445,3489,333,342
37.91986666666667,3491,333,343
37.94003333333333,3492,332,344
37.945566666666664,3493,333,345
37.966011111111115,3495,333,346
37.9803,3496,333,346
37.99465555555555,3497,333,347
38.008,3498,333,348
38.023244444444444,3499,333,349
38.03723333333333,3500,333,349
38.05041111111111,3501,333,350
38.06345555555556,3502,333,351
38.07707777777778,3503,333,353
38.09872222222222,3504,333,355
38.12332222222222,3506,332,358
38.13291111111111,3507,332,359
38.1466,3508,332,360
38.160666666666664,3509,332,360
38.17423333333333,3510,331,361
38.18926666666667,3511,331,362
38.2025,3512,331,363
38.21687777777778,3513,331,363
38.23025555555556,3514,331,364
38.2578,3516,331,363
38.27173333333334,3517,332,362
38.286655555555555,3518,333,360
38.299733333333336,3519,334,358
38.31397777777778,3520,334,356
38.327844444444445,3521,335,355
38.34396666666667,3522,335,353
38.359033333333336,3523,336,352
38.37164444444444,3524,336,350
38.387822222222226,3525,336,349
38.4011,3526,337,348
38.414122222222225,3527,337,348
38.428333333333335,3528,337,349
38.44177777777778,3529,337,349
38.45598888888889,3530,337,350
38.46958888888889,3531,337,351
38.484,3532,337,351
38.49761111111111,3533,337,352
38.51097777777778,3534,337,352
38.525222222222226,3535,337,353
38.53873333333333,3536,337,353
38.55466666666667,3537,337,353
38.567211111111114,3538,337,353
38.580688888888886,3539,337,353
38.596333333333334,3540,337,352
38.60904444444444,3541,338,352
38.62377777777778,3542,338,351
38.636722222222225,3543,339,350
38.65107777777778,3544,339,349
38.661944444444444,3545,339,348
38.67823333333333,3546,339,347
38.69332222222222,3547,340,346
38.70653333333333,3548,340,345
38.721133333333334,3549,340,344
38.734544444444445,3550,340,343
38.7494,3551,340,342
38.762655555555554,3552,340,342
38.77541111111111,3553,340,341
38.79078888888889,3554,339,341
38.80393333333333,3555,339,341
38.819433333333336,3556,339,342
38.832366666666665,3557,339,342
38.846444444444444,3558,339,343
38.86018888888889,3559,339,343
38.873733333333334,3560,339,343
38.888822222222224,3561,339,343
38.90151111111111,3562,339,343
38.916644444444444,3563,340,343
38.9294,3564,339,342
38.94267777777778,3565,339,341
38.957033333333335,3566,340,341
38.970977777777776,3567,339,340
38.98648888888889,3568,339,339
39.00768888888889,3569,339,338
39.0267,3570,339,336
